CoG,8
SoG,1.7
Heading,349
Windspeed,7.2
WindAngle,323
Heading,349
Windspeed,7.2
WindAngle,323
Log,3971.29
CoG,8
SoG,1.7
Latitude,43.9433733
Longitude,15.4287010
Heading,349
Depth,10.9
DepthOffset,-0.001
Windspeed,7.2
WindAngle,323
Heading,349
Windspeed,7.2
WindAngle,323
CoG,8
SoG,1.7
Heading,349
Windspeed,7.2
WindAngle,323
Heading,349
Windspeed,7.2
WindAngle,323
CoG,8
SoG,1.8
Heading,349
Windspeed,7.0
WindAngle,321
Heading,349
Windspeed,7.0
WindAngle,321
CoG,8
SoG,1.8
Heading,349
Windspeed,7.0
WindAngle,321
Heading,349
Windspeed,7.0
WindAngle,321
CoG,8
SoG,1.8
Heading,349
Windspeed,7.0
WindAngle,321
Heading,348
Windspeed,7.0
WindAngle,321
CoG,8
SoG,1.8
Latitude,43.9433822
Longitude,15.4287030
Heading,348
Depth,10.8
DepthOffset,-0.001
Windspeed,7.0
WindAngle,321
SpeedThroughWater,1.9
SoG,1273.9
Log,3971.30
Latitude,43.9433839
Longitude,15.4287032
Heading,348
Windspeed,7.0
WindAngle,321
CoG,8
SoG,1.8
Windspeed,7.0
WindAngle,321
Latitude,43.9433856
Longitude,15.4287031
Heading,348
Windspeed,7.0
WindAngle,321
CoG,7
SoG,1.8
Heading,348
Windspeed,7.2
WindAngle,320
Heading,348
Windspeed,7.2
WindAngle,320
CoG,7
SoG,1.8
Latitude,43.9433875
Longitude,15.4287039
Heading,348
Windspeed,7.2
WindAngle,320
Heading,348
Windspeed,7.2
WindAngle,320
CoG,7
SoG,1.8
Heading,348
Windspeed,7.2
WindAngle,320
Latitude,43.9433912
Longitude,15.4287038
Heading,348
Windspeed,7.2
WindAngle,320
CoG,6
SoG,1.8
Heading,348
Depth,10.9
DepthOffset,-0.001
Windspeed,7.2
WindAngle,320
SpeedThroughWater,1.9
SoG,1273.9
Log,3971.30
Heading,348
Windspeed,7.2
WindAngle,320
CoG,5
SoG,1.8
Latitude,43.9433934
Longitude,15.4287031
Heading,347
Windspeed,7.2
WindAngle,320
Heading,347
Windspeed,7.2
WindAngle,320
CoG,4
SoG,1.8
Heading,347
Windspeed,7.4
WindAngle,323
Heading,347
Windspeed,7.4
WindAngle,323
CoG,3
SoG,1.9
Heading,347
Windspeed,7.4
WindAngle,323
Heading,347
Windspeed,7.4
WindAngle,323
CoG,3
SoG,1.9
Heading,347
Windspeed,7.4
WindAngle,323
Latitude,43.9434017
Longitude,15.4287016
Heading,347
Windspeed,7.4
WindAngle,323
CoG,2
SoG,1.9
Heading,347
Depth,11.1
DepthOffset,-0.001
Windspeed,7.4
WindAngle,323
SpeedThroughWater,1.9
SoG,1273.9
Heading,347
Windspeed,7.4
WindAngle,323
CoG,1
SoG,1.9
Heading,347
Windspeed,7.4
WindAngle,323
Heading,347
Windspeed,7.4
WindAngle,323
CoG,0
SoG,1.9
Heading,347
Windspeed,7.5
WindAngle,324
Latitude,43.9434068
Longitude,15.4287014
Heading,347
Windspeed,7.5
WindAngle,324
CoG,0
SoG,1.9
Latitude,43.9434084
Longitude,15.4287016
Heading,347
Windspeed,7.5
WindAngle,324
Heading,347
Windspeed,7.5
WindAngle,324
CoG,359
SoG,1.9
Heading,346
Windspeed,7.5
WindAngle,324
Latitude,43.9434102
Longitude,15.4287008
Heading,346
Windspeed,7.5
WindAngle,324
CoG,359
SoG,1.9
Latitude,43.9434123
Longitude,15.4287004
Heading,346
Depth,11.0
DepthOffset,-0.001
Windspeed,7.5
WindAngle,324
Heading,346
Windspeed,7.5
WindAngle,324
CoG,358
SoG,1.9
Heading,346
Windspeed,7.5
WindAngle,324
Heading,346
Windspeed,7.5
WindAngle,324
CoG,358
SoG,1.9
Latitude,43.9434157
Longitude,15.4287004
Heading,346
Windspeed,7.8
WindAngle,324
Heading,346
Windspeed,7.8
WindAngle,324
CoG,358
SoG,1.9
Heading,346
Windspeed,7.8
WindAngle,324
Heading,346
Windspeed,7.8
WindAngle,324
Heading,346
Windspeed,7.8
WindAngle,324
Heading,346
Windspeed,7.8
WindAngle,324
Heading,346
CoG,357
SoG,2.0
Depth,11.0
DepthOffset,-0.001
Windspeed,7.8
WindAngle,324
SpeedThroughWater,1.9
SoG,1273.9
Heading,346
Latitude,43.9434218
Longitude,15.4286985
Windspeed,7.8
WindAngle,324
Heading,346
CoG,357
SoG,2.0
Windspeed,7.8
WindAngle,324
Heading,346
Windspeed,7.8
WindAngle,324
Heading,345
CoG,357
SoG,2.0
Windspeed,7.9
WindAngle,324
Heading,345
Latitude,43.9434252
Longitude,15.4286986
Windspeed,7.9
WindAngle,324
Heading,345
CoG,357
SoG,2.0
Windspeed,7.9
WindAngle,324
Heading,345
Windspeed,7.9
WindAngle,324
Heading,345
CoG,357
SoG,2.0
Latitude,43.9434287
Longitude,15.4286981
Windspeed,7.9
WindAngle,324
Heading,345
Windspeed,7.9
WindAngle,324
Heading,345
CoG,357
SoG,2.0
Latitude,43.9434301
Longitude,15.4286987
Depth,11.0
DepthOffset,-0.001
Windspeed,7.9
WindAngle,324
SpeedThroughWater,1.9
SoG,1273.9
Heading,345
Windspeed,7.9
WindAngle,324
Heading,345
CoG,357
SoG,2.0
Latitude,43.9434318
Longitude,15.4286990
Windspeed,7.9
WindAngle,324
Heading,345
Windspeed,7.9
WindAngle,324
Heading,345
CoG,357
SoG,2.0
Latitude,43.9434336
Longitude,15.4286987
Windspeed,8.0
WindAngle,325
Heading,345
Windspeed,8.0
WindAngle,325
Heading,345
CoG,357
SoG,2.0
Windspeed,8.0
WindAngle,325
Heading,345
Latitude,43.9434354
Longitude,15.4286985
Windspeed,8.0
WindAngle,325
Heading,345
CoG,357
SoG,2.0
Windspeed,8.0
WindAngle,325
Heading,345
Latitude,43.9434371
Longitude,15.4286986
Windspeed,8.0
WindAngle,325
Heading,345
CoG,357
SoG,2.0
Latitude,43.9434386
Longitude,15.4286988
Depth,11.0
DepthOffset,-0.001
Windspeed,8.0
WindAngle,325
SpeedThroughWater,1.9
SoG,1273.9
Log,3971.30
Heading,344
Heading,344
CoG,356
SoG,2.0
Windspeed,8.0
WindAngle,325
Heading,344
Latitude,43.9434405
Longitude,15.4286988
Windspeed,8.0
WindAngle,325
Heading,344
CoG,357
SoG,2.0
Windspeed,7.8
WindAngle,330
Heading,344
Windspeed,7.8
WindAngle,330
Heading,344
CoG,356
SoG,2.0
Windspeed,7.8
WindAngle,330
Heading,344
Windspeed,7.8
WindAngle,330
Heading,344
CoG,356
SoG,2.0
Windspeed,7.8
WindAngle,330
Heading,344
Latitude,43.9434455
Longitude,15.4286982
Windspeed,7.8
WindAngle,330
Heading,344
CoG,356
SoG,2.0
Depth,11.2
DepthOffset,-0.001
Windspeed,7.8
WindAngle,330
SpeedThroughWater,1.9
SoG,1273.9
Log,3971.30
Heading,344
Windspeed,7.8
WindAngle,330
Heading,344
CoG,356
SoG,2.0
Heading,344
Windspeed,7.8
WindAngle,330
Heading,343
CoG,356
SoG,2.0
Latitude,43.9434512
Longitude,15.4286988
Heading,343
Windspeed,7.9
WindAngle,329
Heading,343
CoG,355
SoG,2.0
Latitude,43.9434531
Longitude,15.4286984
Windspeed,7.9
WindAngle,329
Heading,343
Windspeed,7.9
WindAngle,329
Heading,343
CoG,355
SoG,2.0
Windspeed,7.9
WindAngle,329
Heading,343
Latitude,43.9434548
Longitude,15.4286992
Heading,343
Depth,11.2
DepthOffset,-0.001
CoG,355
SoG,2.0
Windspeed,7.9
WindAngle,329
SpeedThroughWater,1.9
SoG,1273.9
Log,3971.30
Heading,343
Windspeed,7.9
WindAngle,329
Latitude,43.9434566
Longitude,15.4286995
Heading,343
Windspeed,7.9
WindAngle,329
CoG,355
SoG,2.0
Heading,343
Windspeed,7.9
WindAngle,329
Heading,343
Windspeed,8.1
WindAngle,328
CoG,355
SoG,2.0
Heading,343
Windspeed,8.1
WindAngle,328
Heading,342
Windspeed,8.1
WindAngle,328
CoG,355
SoG,2.0
Heading,342
Windspeed,8.1
WindAngle,328
Heading,342
Windspeed,8.1
WindAngle,328
CoG,355
SoG,2.0
Heading,342
Windspeed,8.1
WindAngle,328
Heading,342
Depth,11.0
DepthOffset,-0.001
Windspeed,8.1
WindAngle,328
SpeedThroughWater,1.9
SoG,1273.9
Log,3971.30
CoG,354
SoG,2.0
Heading,342
Windspeed,8.1
WindAngle,328
Heading,342
Windspeed,8.1
WindAngle,328
CoG,354
SoG,2.0
Heading,342
Windspeed,8.1
WindAngle,328
Heading,342
Windspeed,8.2
WindAngle,331
CoG,354
SoG,2.0
Latitude,43.9434694
Longitude,15.4286980
Heading,342
Windspeed,8.2
WindAngle,331
Heading,342
Windspeed,8.2
WindAngle,331
CoG,354
SoG,2.0
Latitude,43.9434713
Longitude,15.4286982
Heading,342
Windspeed,8.2
WindAngle,331
Heading,341
Windspeed,8.2
WindAngle,331
CoG,354
SoG,2.0
Heading,341
Windspeed,8.2
WindAngle,331
Heading,341
Depth,11.0
DepthOffset,-0.001
Windspeed,8.2
WindAngle,331
SpeedThroughWater,1.9
SoG,1273.9
Log,3971.30
CoG,353
SoG,2.0
Latitude,43.9434744
Longitude,15.4286967
Heading,341
Windspeed,8.2
WindAngle,331
Heading,341
Windspeed,8.2
WindAngle,331
CoG,353
SoG,2.0
Heading,341
Windspeed,8.2
WindAngle,331
Latitude,43.9434764
Longitude,15.4286968
Heading,341
Windspeed,8.2
WindAngle,331
CoG,353
SoG,2.0
Heading,341
Windspeed,8.2
WindAngle,331
Heading,341
Windspeed,8.2
WindAngle,331
CoG,352
SoG,2.0
Heading,341
Windspeed,8.2
WindAngle,331
Heading,341
Windspeed,8.2
WindAngle,331
CoG,352
SoG,2.0
Heading,341
Windspeed,8.2
WindAngle,331
Heading,340
Depth,11.1
DepthOffset,-0.001
Windspeed,8.2
WindAngle,331
SpeedThroughWater,1.9
SoG,1273.9
Log,3971.30
CoG,352
SoG,1.9
Latitude,43.9434834
Longitude,15.4286953
Heading,340
Windspeed,8.2
WindAngle,331
Heading,340
Windspeed,8.2
WindAngle,331
CoG,351
SoG,1.9
Latitude,43.9434852
Longitude,15.4286955
Heading,340
Windspeed,8.2
WindAngle,331
Heading,340
Windspeed,8.1
WindAngle,332
CoG,351
SoG,1.9
Heading,340
Windspeed,8.1
WindAngle,332
Latitude,43.9434866
Longitude,15.4286955
Heading,340
Windspeed,8.1
WindAngle,332
CoG,351
SoG,1.9
Heading,340
Windspeed,8.1
WindAngle,332
Heading,340
Windspeed,8.1
WindAngle,332
CoG,351
SoG,1.9
Heading,340
Windspeed,8.1
WindAngle,332
Heading,340
Depth,11.3
DepthOffset,-0.001
Windspeed,8.1
WindAngle,332
SpeedThroughWater,1.8
SoG,1273.9
Log,3971.30
CoG,350
SoG,1.9
Heading,340
Windspeed,8.1
WindAngle,332
Heading,339
Windspeed,8.1
WindAngle,332
CoG,350
SoG,1.9
Heading,339
Windspeed,8.1
WindAngle,332
Heading,339
Windspeed,8.0
WindAngle,331
CoG,351
SoG,1.9
Heading,339
Windspeed,8.0
WindAngle,331
Heading,339
Windspeed,8.0
WindAngle,331
CoG,351
SoG,1.9
Heading,339
Windspeed,8.0
WindAngle,331
Heading,339
Windspeed,8.0
WindAngle,331
CoG,351
SoG,1.9
Heading,339
Windspeed,8.0
WindAngle,331
Latitude,43.9434982
Longitude,15.4286949
Heading,339
Depth,11.3
DepthOffset,-0.001
Windspeed,8.0
WindAngle,331
SpeedThroughWater,1.8
SoG,1273.9
Log,3971.30
CoG,351
SoG,1.8
Heading,339
Windspeed,8.0
WindAngle,331
Latitude,43.9434998
Longitude,15.4286949
Heading,339
Windspeed,8.0
WindAngle,331
CoG,351
SoG,1.8
Heading,338
Windspeed,8.0
WindAngle,331
Heading,338
Windspeed,8.3
WindAngle,334
CoG,351
SoG,1.8
Heading,338
Windspeed,8.3
WindAngle,334
Latitude,43.9435032
Longitude,15.4286947
Heading,338
Windspeed,8.3
WindAngle,334
CoG,351
SoG,1.8
Latitude,43.9435046
Longitude,15.4286943
Heading,338
Windspeed,8.3
WindAngle,334
Heading,338
Windspeed,8.3
WindAngle,334
CoG,351
SoG,1.8
Latitude,43.9435063
Longitude,15.4286939
Heading,338
Windspeed,8.3
WindAngle,334
Latitude,43.9435063
Longitude,15.4286939
Heading,338
Depth,11.4
DepthOffset,-0.001
Windspeed,8.3
WindAngle,334
CoG,351
SoG,1.8
Latitude,43.9435083
Longitude,15.4286937
Heading,338
Windspeed,8.3
WindAngle,334
Latitude,43.9435083
Longitude,15.4286937
Heading,338
Windspeed,8.3
WindAngle,334
CoG,351
SoG,1.8
Latitude,43.9435102
Longitude,15.4286933
Heading,338
Windspeed,8.3
WindAngle,334
Latitude,43.9435102
Longitude,15.4286933
Heading,338
Windspeed,8.3
WindAngle,333
CoG,351
SoG,1.8
Latitude,43.9435120
Longitude,15.4286931
Heading,337
Windspeed,8.3
WindAngle,333
Heading,337
Windspeed,8.3
WindAngle,333
CoG,351
SoG,1.8
Heading,337
Windspeed,8.3
WindAngle,333
Heading,337
Windspeed,8.3
WindAngle,333
CoG,351
SoG,1.8
Heading,337
Windspeed,8.3
WindAngle,333
Latitude,43.9435160
Longitude,15.4286914
Heading,337
Depth,11.5
DepthOffset,-0.001
Windspeed,8.3
WindAngle,333
SpeedThroughWater,1.8
SoG,1273.9
Log,3971.30
CoG,351
SoG,1.8
Latitude,43.9435183
Longitude,15.4286908
Heading,337
Windspeed,8.3
WindAngle,333
Heading,337
Windspeed,8.3
WindAngle,333
CoG,350
SoG,1.8
Latitude,43.9435203
Longitude,15.4286898
Heading,337
Windspeed,8.3
WindAngle,333
Latitude,43.9435203
Longitude,15.4286898
Heading,337
Windspeed,8.3
WindAngle,333
CoG,350
SoG,1.8
Heading,337
Windspeed,8.3
WindAngle,333
Heading,336
Windspeed,8.3
WindAngle,333
CoG,350
SoG,1.9
Latitude,43.9435245
Longitude,15.4286883
Heading,336
Windspeed,8.3
WindAngle,333
Latitude,43.9435245
Longitude,15.4286883
Heading,336
Windspeed,8.3
WindAngle,333
CoG,350
SoG,1.9
Heading,336
Windspeed,8.3
WindAngle,333
Heading,336
Depth,11.5
DepthOffset,-0.001
Windspeed,8.3
WindAngle,333
SpeedThroughWater,1.8
SoG,1273.9
Log,3971.30
CoG,350
SoG,1.9
Latitude,43.9435280
Longitude,15.4286876
Heading,336
Windspeed,8.3
WindAngle,333
Heading,336
Windspeed,8.3
WindAngle,333
CoG,350
SoG,1.9
Heading,336
Windspeed,8.3
WindAngle,333
Heading,336
Windspeed,8.2
WindAngle,333
CoG,350
SoG,1.9
Heading,336
Windspeed,8.2
WindAngle,333
Heading,336
Windspeed,8.2
WindAngle,333
CoG,349
SoG,1.9
Heading,335
Windspeed,8.2
WindAngle,333
Latitude,43.9435331
Longitude,15.4286857
Heading,335
Windspeed,8.2
WindAngle,333
CoG,349
SoG,1.9
Heading,335
Windspeed,8.2
WindAngle,333
Heading,335
Depth,11.8
DepthOffset,-0.001
Windspeed,8.2
WindAngle,333
SpeedThroughWater,1.8
SoG,1273.9
CoG,348
SoG,1.9
Heading,335
Windspeed,8.2
WindAngle,333
Heading,335
Windspeed,8.2
WindAngle,333
CoG,348
SoG,1.9
Heading,335
Windspeed,8.2
WindAngle,333
Heading,335
Windspeed,8.5
WindAngle,335
CoG,347
SoG,1.9
Heading,335
Windspeed,8.5
WindAngle,335
Heading,335
Windspeed,8.5
WindAngle,335
CoG,347
SoG,1.9
Heading,334
Windspeed,8.5
WindAngle,335
Latitude,43.9435418
Longitude,15.4286817
Heading,334
Windspeed,8.5
WindAngle,335
CoG,346
SoG,1.9
Latitude,43.9435434
Longitude,15.4286812
Heading,334
Windspeed,8.5
WindAngle,335
Heading,334
Depth,12.0
DepthOffset,-0.001
Windspeed,8.5
WindAngle,335
SpeedThroughWater,1.8
SoG,1273.9
Log,3971.30
CoG,346
SoG,1.9
Latitude,43.9435452
Longitude,15.4286802
Heading,334
Windspeed,8.5
WindAngle,335
Heading,334
Windspeed,8.5
WindAngle,335
CoG,346
SoG,1.9
Heading,334
Windspeed,8.5
WindAngle,335
Heading,334
Windspeed,8.9
WindAngle,337
CoG,346
SoG,1.9
Heading,334
Windspeed,8.9
WindAngle,337
Heading,333
Windspeed,8.9
WindAngle,337
CoG,345
SoG,1.9
Heading,333
Windspeed,8.9
WindAngle,337
Heading,333
Windspeed,8.9
WindAngle,337
CoG,345
SoG,1.9
Heading,333
Windspeed,8.9
WindAngle,337
Heading,333
Depth,11.5
DepthOffset,-0.001
Windspeed,8.9
WindAngle,337
SpeedThroughWater,1.8
SoG,1273.9
Log,3971.30
CoG,344
SoG,1.9
Latitude,43.9435535
Longitude,15.4286774
Heading,333
Windspeed,8.9
WindAngle,337
Heading,333
Windspeed,8.9
WindAngle,337
CoG,344
SoG,1.9
Latitude,43.9435554
Longitude,15.4286767
Heading,333
Windspeed,8.9
WindAngle,337
Heading,333
Windspeed,9.0
WindAngle,336
CoG,344
SoG,1.9
Heading,332
Windspeed,9.0
WindAngle,336
Latitude,43.9435572
Longitude,15.4286758
Heading,332
Windspeed,9.0
WindAngle,336
CoG,343
SoG,1.9
Heading,332
Windspeed,9.0
WindAngle,336
Latitude,43.9435588
Longitude,15.4286749
Heading,332
Windspeed,9.0
WindAngle,336
CoG,343
SoG,1.9
Heading,332
Windspeed,9.0
WindAngle,336
Heading,332
Depth,11.7
DepthOffset,-0.001
Windspeed,9.0
WindAngle,336
SpeedThroughWater,1.8
SoG,1273.9
Log,3971.30
CoG,343
SoG,1.9
Heading,331
Windspeed,9.0
WindAngle,336
Latitude,43.9435639
Longitude,15.4286731
Heading,331
Windspeed,9.0
WindAngle,336
CoG,342
SoG,1.9
Heading,331
Windspeed,9.0
WindAngle,336
Latitude,43.9435653
Longitude,15.4286736
Heading,331
Windspeed,8.9
WindAngle,337
CoG,342
SoG,1.9
Latitude,43.9435653
Longitude,15.4286736
Heading,331
Windspeed,8.9
WindAngle,337
Heading,331
Windspeed,8.9
WindAngle,337
CoG,342
SoG,1.9
Latitude,43.9435668
Longitude,15.4286740
Heading,331
Windspeed,8.9
WindAngle,337
Latitude,43.9435687
Longitude,15.4286734
Heading,330
Windspeed,8.9
WindAngle,337
CoG,342
SoG,1.9
Heading,330
Windspeed,8.9
WindAngle,337
Heading,330
Depth,11.9
DepthOffset,-0.001
Windspeed,8.9
WindAngle,337
SpeedThroughWater,1.7
SoG,1273.9
CoG,342
SoG,1.9
Latitude,43.9435704
Longitude,15.4286730
Heading,330
Windspeed,8.9
WindAngle,337
Heading,330
Latitude,43.9435721
Longitude,15.4286725
Windspeed,8.9
WindAngle,337
CoG,342
SoG,1.9
Heading,330
Windspeed,8.9
WindAngle,337
Latitude,43.9435736
Longitude,15.4286719
Heading,329
Windspeed,9.2
WindAngle,339
CoG,342
SoG,1.9
Heading,329
Windspeed,9.2
WindAngle,339
Latitude,43.9435736
Longitude,15.4286719
Heading,329
Windspeed,9.2
WindAngle,339
CoG,342
SoG,1.9
Heading,329
Windspeed,9.2
WindAngle,339
Latitude,43.9435754
Longitude,15.4286720
Heading,329
Windspeed,9.2
WindAngle,339
CoG,342
SoG,1.8
Heading,329
Windspeed,9.2
WindAngle,339
Latitude,43.9435762
Longitude,15.4286720
Heading,328
Depth,11.8
DepthOffset,-0.001
Windspeed,9.2
WindAngle,339
SpeedThroughWater,1.7
SoG,1273.9
Log,3971.30
CoG,342
SoG,1.8
Heading,328
Windspeed,9.2
WindAngle,339
Heading,328
Latitude,43.9435779
Longitude,15.4286714
Windspeed,9.2
WindAngle,339
CoG,342
SoG,1.7
Heading,328
Windspeed,9.2
WindAngle,339
Latitude,43.9435793
Longitude,15.4286714
Heading,328
Windspeed,9.2
WindAngle,335
CoG,342
SoG,1.7
Latitude,43.9435793
Longitude,15.4286714
Heading,327
Windspeed,9.2
WindAngle,335
Heading,327
Windspeed,9.2
WindAngle,335
CoG,342
SoG,1.7
Heading,327
Windspeed,9.2
WindAngle,335
Heading,327
Windspeed,9.2
WindAngle,335
CoG,342
SoG,1.7
Latitude,43.9435829
Longitude,15.4286701
Heading,327
Windspeed,9.2
WindAngle,335
Latitude,43.9435844
Longitude,15.4286699
Heading,326
Depth,11.8
DepthOffset,-0.001
Windspeed,9.2
WindAngle,335
SpeedThroughWater,1.5
SoG,1273.9
CoG,342
SoG,1.7
Heading,326
Windspeed,9.2
WindAngle,335
Heading,326
Windspeed,9.2
WindAngle,335
CoG,341
SoG,1.7
Latitude,43.9435864
Longitude,15.4286692
Heading,326
Windspeed,9.2
WindAngle,335
Heading,326
Latitude,43.9435881
Longitude,15.4286685
Windspeed,9.0
WindAngle,341
CoG,341
SoG,1.7
Latitude,43.9435881
Longitude,15.4286685
Heading,325
Windspeed,9.0
WindAngle,341
Heading,325
Windspeed,9.0
WindAngle,341
CoG,341
SoG,1.7
Heading,325
Windspeed,9.0
WindAngle,341
Heading,325
Windspeed,9.0
WindAngle,341
CoG,340
SoG,1.7
Heading,325
Windspeed,9.0
WindAngle,341
Latitude,43.9435930
Longitude,15.4286664
Heading,324
Depth,11.9
DepthOffset,-0.001
Windspeed,9.0
WindAngle,341
SpeedThroughWater,1.5
SoG,1273.9
Log,3971.30
Heading,324
CoG,340
SoG,1.7
Windspeed,9.0
WindAngle,341
Heading,324
Windspeed,9.0
WindAngle,341
Heading,324
CoG,340
SoG,1.7
Windspeed,9.0
WindAngle,341
Heading,323
Latitude,43.9435963
Longitude,15.4286645
Windspeed,8.6
WindAngle,341
Heading,323
CoG,339
SoG,1.7
Windspeed,8.6
WindAngle,341
Heading,323
Windspeed,8.6
WindAngle,341
Heading,323
CoG,339
SoG,1.7
Latitude,43.9435978
Longitude,15.4286635
Windspeed,8.6
WindAngle,341
Heading,323
Windspeed,8.6
WindAngle,341
Heading,322
CoG,338
SoG,1.7
Windspeed,8.6
WindAngle,341
Heading,322
Depth,12.0
DepthOffset,-0.001
Windspeed,8.6
WindAngle,341
SpeedThroughWater,1.5
SoG,1273.9
Heading,322
CoG,338
SoG,1.7
Latitude,43.9436011
Longitude,15.4286628
Windspeed,8.6
WindAngle,341
Heading,322
Windspeed,8.6
WindAngle,341
Heading,321
CoG,338
SoG,1.7
Windspeed,8.6
WindAngle,341
Heading,321
Latitude,43.9436041
Longitude,15.4286616
Windspeed,8.4
WindAngle,342
Heading,321
CoG,338
SoG,1.7
Windspeed,8.4
WindAngle,342
Heading,321
Windspeed,8.4
WindAngle,342
Heading,321
CoG,338
SoG,1.7
Windspeed,8.4
WindAngle,342
Heading,320
Windspeed,8.4
WindAngle,342
Heading,320
CoG,338
SoG,1.7
Windspeed,8.4
WindAngle,342
Heading,320
Depth,12.0
DepthOffset,-0.001
Windspeed,8.4
WindAngle,342
SpeedThroughWater,1.5
SoG,1273.9
Log,3971.30
Heading,320
CoG,338
SoG,1.7
Windspeed,8.4
WindAngle,342
Latitude,43.9436093
Longitude,15.4286597
Heading,319
Windspeed,8.4
WindAngle,342
Heading,319
CoG,338
SoG,1.7
Latitude,43.9436114
Longitude,15.4286590
Windspeed,8.4
WindAngle,342
Heading,319
Latitude,43.9436130
Longitude,15.4286585
Heading,319
CoG,338
SoG,1.7
Windspeed,8.3
WindAngle,343
Heading,319
Windspeed,8.3
WindAngle,343
Heading,318
CoG,338
SoG,1.7
Latitude,43.9436149
Longitude,15.4286579
Windspeed,8.3
WindAngle,343
Heading,318
Windspeed,8.3
WindAngle,343
Heading,318
CoG,338
SoG,1.7
Heading,318
Depth,11.8
DepthOffset,-0.001
Windspeed,8.3
WindAngle,343
SpeedThroughWater,1.5
SoG,1273.9
Log,3971.30
Heading,317
CoG,338
SoG,1.8
Windspeed,8.3
WindAngle,343
Heading,317
Windspeed,8.3
WindAngle,343
Heading,317
CoG,338
SoG,1.7
Windspeed,8.3
WindAngle,343
Heading,317
Windspeed,8.4
WindAngle,349
Latitude,43.9436212
Longitude,15.4286547
Heading,317
CoG,338
SoG,1.7
Windspeed,8.4
WindAngle,349
Heading,316
Windspeed,8.4
WindAngle,349
Heading,316
CoG,338
SoG,1.7
Windspeed,8.4
WindAngle,349
Heading,316
Windspeed,8.4
WindAngle,349
Heading,316
CoG,337
SoG,1.7
Heading,315
Depth,11.8
DepthOffset,-0.001
Windspeed,8.4
WindAngle,349
SpeedThroughWater,1.5
SoG,1273.9
Log,3971.30
Heading,315
Windspeed,8.4
WindAngle,349
CoG,337
SoG,1.7
Heading,315
Windspeed,8.4
WindAngle,349
Heading,315
Windspeed,8.4
WindAngle,349
CoG,337
SoG,1.7
Heading,314
Windspeed,8.4
WindAngle,349
Heading,314
Windspeed,8.4
WindAngle,349
CoG,337
SoG,1.7
Heading,314
Windspeed,8.4
WindAngle,349
Latitude,43.9436310
Longitude,15.4286489
Heading,314
Windspeed,8.4
WindAngle,349
CoG,337
SoG,1.7
Heading,313
Windspeed,8.4
WindAngle,349
Heading,313
Windspeed,8.4
WindAngle,349
CoG,337
SoG,1.7
Heading,313
Depth,11.8
DepthOffset,-0.001
Windspeed,8.4
WindAngle,349
SpeedThroughWater,1.5
SoG,1273.9
Log,3971.30
Latitude,43.9436326
Longitude,15.4286465
Heading,313
Windspeed,8.4
WindAngle,349
CoG,336
SoG,1.7
Heading,313
Windspeed,8.4
WindAngle,349
Heading,312
Windspeed,8.4
WindAngle,349
CoG,335
SoG,1.7
Heading,312
Windspeed,8.4
WindAngle,352
Heading,312
Windspeed,8.4
WindAngle,352
CoG,335
SoG,1.7
Heading,312
Windspeed,8.4
WindAngle,352
Latitude,43.9436375
Longitude,15.4286439
Heading,311
Windspeed,8.4
WindAngle,352
CoG,335
SoG,1.7
Latitude,43.9436375
Longitude,15.4286439
Heading,311
Windspeed,8.4
WindAngle,352
Heading,311
Windspeed,8.4
WindAngle,352
CoG,335
SoG,1.7
Heading,311
Depth,12.0
DepthOffset,-0.001
Windspeed,8.4
WindAngle,352
SpeedThroughWater,1.5
SoG,1273.9
Log,3971.30
Heading,310
Windspeed,8.4
WindAngle,352
CoG,335
SoG,1.7
Heading,310
Windspeed,8.4
WindAngle,352
Heading,310
Windspeed,8.4
WindAngle,352
CoG,335
SoG,1.7
Heading,310
Windspeed,8.5
WindAngle,357
Heading,309
Windspeed,8.5
WindAngle,357
CoG,335
SoG,1.7
Latitude,43.9436421
Longitude,15.4286419
Heading,309
Windspeed,8.5
WindAngle,357
Latitude,43.9436440
Longitude,15.4286408
Heading,309
Windspeed,8.5
WindAngle,357
CoG,335
SoG,1.7
Heading,309
Windspeed,8.5
WindAngle,357
Latitude,43.9436451
Longitude,15.4286398
Heading,308
Windspeed,8.5
WindAngle,357
CoG,335
SoG,1.7
Heading,308
Depth,11.9
DepthOffset,-0.001
Windspeed,8.5
WindAngle,357
SpeedThroughWater,1.3
SoG,1273.9
Log,3971.30
Latitude,43.9436464
Longitude,15.4286391
Heading,308
Windspeed,8.5
WindAngle,357
CoG,334
SoG,1.7
Heading,308
Windspeed,8.5
WindAngle,357
Heading,307
Windspeed,8.5
WindAngle,357
CoG,334
SoG,1.7
Latitude,43.9436476
Longitude,15.4286387
Heading,307
Windspeed,8.3
WindAngle,359
Latitude,43.9436486
Longitude,15.4286379
Heading,307
Windspeed,8.3
WindAngle,359
CoG,334
SoG,1.7
Heading,307
Windspeed,8.3
WindAngle,359
Heading,306
Windspeed,8.3
WindAngle,359
CoG,333
SoG,1.7
Heading,306
Windspeed,8.3
WindAngle,359
Latitude,43.9436510
Longitude,15.4286366
Heading,306
Windspeed,8.3
WindAngle,359
CoG,333
SoG,1.7
Heading,306
Depth,11.8
DepthOffset,-0.001
Windspeed,8.3
WindAngle,359
SpeedThroughWater,1.3
SoG,1273.9
Log,3971.30
Heading,305
Windspeed,8.3
WindAngle,359
CoG,332
SoG,1.7
Heading,305
Windspeed,8.3
WindAngle,359
Latitude,43.9436534
Longitude,15.4286340
Heading,305
Windspeed,8.3
WindAngle,359
CoG,332
SoG,1.7
Latitude,43.9436534
Longitude,15.4286340
Heading,305
Windspeed,8.1
WindAngle,359
Heading,304
Windspeed,8.1
WindAngle,359
CoG,332
SoG,1.7
Latitude,43.9436546
Longitude,15.4286335
Heading,304
Windspeed,8.1
WindAngle,359
Heading,304
Windspeed,8.1
WindAngle,359
CoG,331
SoG,1.7
Latitude,43.9436559
Longitude,15.4286323
Heading,304
Windspeed,8.1
WindAngle,359
Heading,303
Windspeed,8.1
WindAngle,359
CoG,331
SoG,1.7
Heading,303
Depth,12.1
DepthOffset,-0.001
Windspeed,8.1
WindAngle,359
SpeedThroughWater,1.3
SoG,1273.9
Log,3971.30
Latitude,43.9436581
Longitude,15.4286301
Heading,303
Windspeed,8.1
WindAngle,359
CoG,330
SoG,1.7
Latitude,43.9436581
Longitude,15.4286301
Heading,303
Windspeed,8.1
WindAngle,359
Heading,303
Windspeed,8.1
WindAngle,359
CoG,330
SoG,1.7
Latitude,43.9436594
Longitude,15.4286292
Heading,302
Windspeed,8.0
WindAngle,3
Latitude,43.9436606
Longitude,15.4286281
Heading,302
Windspeed,8.0
WindAngle,3
CoG,330
SoG,1.7
Latitude,43.9436606
Longitude,15.4286281
Heading,302
Windspeed,8.0
WindAngle,3
Heading,302
Windspeed,8.0
WindAngle,3
CoG,329
SoG,1.7
Latitude,43.9436617
Longitude,15.4286265
Heading,301
Windspeed,8.0
WindAngle,3
Heading,301
Windspeed,8.0
WindAngle,3
CoG,329
SoG,1.7
Heading,301
Depth,11.9
DepthOffset,-0.001
Windspeed,8.0
WindAngle,3
SpeedThroughWater,1.3
SoG,1273.9
Log,3971.30
Latitude,43.9436638
Longitude,15.4286235
Heading,301
Windspeed,8.0
WindAngle,3
CoG,328
SoG,1.7
Latitude,43.9436638
Longitude,15.4286235
Heading,301
Windspeed,8.0
WindAngle,3
Heading,300
Windspeed,8.0
WindAngle,3
CoG,328
SoG,1.7
Heading,300
Windspeed,7.9
WindAngle,4
Heading,300
Windspeed,7.9
WindAngle,4
CoG,327
SoG,1.7
Latitude,43.9436659
Longitude,15.4286211
Heading,300
Windspeed,7.9
WindAngle,4
Heading,300
Windspeed,7.9
WindAngle,4
CoG,327
SoG,1.6
Heading,299
Windspeed,7.9
WindAngle,4
Heading,299
Windspeed,7.9
WindAngle,4
CoG,326
SoG,1.6
Latitude,43.9436676
Longitude,15.4286184
Heading,299
Depth,12.1
DepthOffset,-0.001
Windspeed,7.9
WindAngle,4
SpeedThroughWater,1.3
SoG,1273.9
Log,3971.30
Heading,299
Windspeed,7.9
WindAngle,4
CoG,326
SoG,1.6
Heading,298
Windspeed,7.9
WindAngle,4
Heading,298
Windspeed,7.9
WindAngle,4
CoG,324
SoG,1.6
Latitude,43.9436696
Longitude,15.4286162
Heading,298
Windspeed,8.0
WindAngle,6
Latitude,43.9436709
Longitude,15.4286157
Heading,298
Windspeed,8.0
WindAngle,6
CoG,324
SoG,1.6
Heading,297
Windspeed,8.0
WindAngle,6
Latitude,43.9436717
Longitude,15.4286138
Heading,297
Windspeed,8.0
WindAngle,6
CoG,324
SoG,1.6
Heading,297
Windspeed,8.0
WindAngle,6
Latitude,43.9436728
Longitude,15.4286128
Heading,297
Windspeed,8.0
WindAngle,6
CoG,323
SoG,1.6
Latitude,43.9436741
Longitude,15.4286120
Heading,296
Depth,12.1
DepthOffset,-0.001
Windspeed,8.0
WindAngle,6
Heading,296
Windspeed,8.0
WindAngle,6
CoG,323
SoG,1.6
Heading,296
Windspeed,8.0
WindAngle,6
Windspeed,8.0
WindAngle,6
CoG,322
SoG,1.6
Heading,296
Windspeed,8.2
WindAngle,5
Latitude,43.9436764
Longitude,15.4286101
Heading,295
Windspeed,8.2
WindAngle,5
CoG,322
SoG,1.6
Latitude,43.9436772
Longitude,15.4286088
Heading,295
Windspeed,8.2
WindAngle,5
Heading,295
Windspeed,8.2
WindAngle,5
CoG,322
SoG,1.6
Heading,295
Windspeed,8.2
WindAngle,5
Heading,295
Windspeed,8.2
WindAngle,5
CoG,321
SoG,1.5
Heading,294
Depth,11.8
DepthOffset,-0.001
Windspeed,8.2
WindAngle,5
SpeedThroughWater,1.3
SoG,1273.9
Latitude,43.9436789
Longitude,15.4286062
Heading,294
Windspeed,8.2
WindAngle,5
CoG,320
SoG,1.5
Latitude,43.9436795
Longitude,15.4286048
Heading,294
Windspeed,8.2
WindAngle,5
Windspeed,8.2
WindAngle,5
CoG,320
SoG,1.5
Heading,294
Windspeed,8.5
WindAngle,10
Heading,294
Windspeed,8.5
WindAngle,10
CoG,320
SoG,1.5
Heading,294
Windspeed,8.5
WindAngle,10
Heading,293
Windspeed,8.5
WindAngle,10
CoG,319
SoG,1.5
Heading,293
Windspeed,8.5
WindAngle,10
Heading,293
Windspeed,8.5
WindAngle,10
Heading,293
CoG,319
SoG,1.5
Depth,12.0
DepthOffset,-0.001
Windspeed,8.5
WindAngle,10
SpeedThroughWater,1.3
SoG,1273.9
Log,3971.30
Heading,293
Windspeed,8.5
WindAngle,10
CoG,318
SoG,1.5
Heading,293
Windspeed,8.5
WindAngle,10
Heading,293
Heading,293
CoG,317
SoG,1.5
Latitude,43.9436848
Longitude,15.4285974
Windspeed,8.5
WindAngle,9
Heading,293
Latitude,43.9436848
Longitude,15.4285974
Windspeed,8.5
WindAngle,9
Heading,293
CoG,316
SoG,1.5
Windspeed,8.5
WindAngle,9
Heading,293
Latitude,43.9436855
Longitude,15.4285959
Windspeed,8.5
WindAngle,9
Heading,293
CoG,315
SoG,1.5
Windspeed,8.5
WindAngle,9
Heading,293
Windspeed,8.5
WindAngle,9
Heading,293
CoG,314
SoG,1.4
Latitude,43.9436867
Longitude,15.4285930
Depth,11.8
DepthOffset,-0.001
Windspeed,8.5
WindAngle,9
SpeedThroughWater,1.2
SoG,1273.9
Heading,293
Latitude,43.9436867
Longitude,15.4285930
Windspeed,8.5
WindAngle,9
Heading,292
CoG,313
SoG,1.4
Windspeed,8.5
WindAngle,9
Heading,292
Windspeed,8.5
WindAngle,9
Heading,292
CoG,312
SoG,1.4
Windspeed,8.4
WindAngle,8
Heading,292
Windspeed,8.4
WindAngle,8
Heading,292
CoG,311
SoG,1.4
Windspeed,8.4
WindAngle,8
Heading,292
Windspeed,8.4
WindAngle,8
Heading,292
CoG,310
SoG,1.4
Windspeed,8.4
WindAngle,8
Heading,292
Windspeed,8.4
WindAngle,8
Heading,292
CoG,309
SoG,1.4
Latitude,43.9436895
Longitude,15.4285869
Depth,11.8
DepthOffset,-0.001
Windspeed,8.4
WindAngle,8
Heading,292
Latitude,43.9436895
Longitude,15.4285869
Windspeed,8.4
WindAngle,8
Heading,292
CoG,308
SoG,1.4
Windspeed,8.4
WindAngle,8
Heading,292
Heading,293
CoG,306
SoG,1.3
Latitude,43.9436905
Longitude,15.4285839
Windspeed,8.3
WindAngle,11
Heading,293
Windspeed,8.3
WindAngle,11
Heading,293
CoG,304
SoG,1.3
Windspeed,8.3
WindAngle,11
Heading,293
Windspeed,8.3
WindAngle,11
Heading,293
CoG,302
SoG,1.3
Windspeed,8.3
WindAngle,11
Heading,293
Latitude,43.9436914
Longitude,15.4285816
Windspeed,8.3
WindAngle,11
Heading,293
CoG,300
SoG,1.3
Depth,11.8
DepthOffset,-0.001
Windspeed,8.3
WindAngle,11
SpeedThroughWater,1.2
SoG,1273.9
Log,3971.30
Heading,293
Latitude,43.9436917
Longitude,15.4285801
Windspeed,8.3
WindAngle,11
Heading,293
CoG,298
SoG,1.3
Latitude,43.9436920
Longitude,15.4285788
Windspeed,8.3
WindAngle,11
Heading,293
Heading,293
CoG,297
SoG,1.3
Windspeed,8.2
WindAngle,8
Heading,293
Heading,294
CoG,296
SoG,1.3
Windspeed,8.2
WindAngle,8
Heading,294
Latitude,43.9436928
Longitude,15.4285759
Windspeed,8.2
WindAngle,8
Heading,294
CoG,294
SoG,1.2
Windspeed,8.2
WindAngle,8
Heading,294
Latitude,43.9436930
Longitude,15.4285744
Windspeed,8.2
WindAngle,8
Heading,294
CoG,292
SoG,1.2
SpeedThroughWater,1.2
SoG,1273.9
Heading,294
Windspeed,8.2
WindAngle,8
Heading,294
CoG,291
SoG,1.2
Windspeed,8.2
WindAngle,8
Heading,294
Heading,295
CoG,290
SoG,1.2
Windspeed,8.2
WindAngle,6
Heading,295
Heading,295
CoG,290
SoG,1.2
Windspeed,8.2
WindAngle,6
Latitude,43.9436939
Longitude,15.4285686
Heading,295
Windspeed,8.2
WindAngle,6
Heading,295
CoG,289
SoG,1.2
Windspeed,8.2
WindAngle,6
Heading,295
Windspeed,8.2
WindAngle,6
Latitude,43.9436940
Longitude,15.4285671
Heading,296
Depth,11.9
DepthOffset,-0.001
CoG,288
SoG,1.2
Heading,296
Windspeed,8.2
WindAngle,6
Heading,296
Windspeed,8.2
WindAngle,6
CoG,288
SoG,1.2
Heading,296
Windspeed,8.2
WindAngle,6
Heading,296
Windspeed,8.2
WindAngle,4
CoG,287
SoG,1.2
Heading,297
Windspeed,8.2
WindAngle,4
Heading,297
Windspeed,8.2
WindAngle,4
CoG,287
SoG,1.2
Heading,297
Windspeed,8.2
WindAngle,4
Heading,297
Windspeed,8.2
WindAngle,4
CoG,286
SoG,1.2
Latitude,43.9436946
Longitude,15.4285603
Heading,297
Windspeed,8.2
WindAngle,4
Latitude,43.9436946
Longitude,15.4285603
Heading,298
Depth,11.8
DepthOffset,-0.001
Windspeed,8.2
WindAngle,4
SpeedThroughWater,1.2
SoG,1273.9
Log,3971.30
CoG,285
SoG,1.2
Heading,298
Windspeed,8.2
WindAngle,4
Heading,298
Windspeed,8.2
WindAngle,4
CoG,285
SoG,1.2
Heading,298
Windspeed,8.2
WindAngle,4
Heading,299
Windspeed,8.1
WindAngle,1
CoG,284
SoG,1.2
Latitude,43.9436948
Longitude,15.4285564
Heading,299
Windspeed,8.1
WindAngle,1
Latitude,43.9436948
Longitude,15.4285564
Heading,299
Windspeed,8.1
WindAngle,1
CoG,284
SoG,1.2
Heading,299
Windspeed,8.1
WindAngle,1
Heading,300
Windspeed,8.1
WindAngle,1
CoG,283
SoG,1.2
Latitude,43.9436947
Longitude,15.4285538
Heading,300
Windspeed,8.1
WindAngle,1
Heading,300
Depth,11.9
DepthOffset,-0.001
Windspeed,8.1
WindAngle,1
SpeedThroughWater,0.3
SoG,1273.9
Log,3971.30
CoG,282
SoG,1.2
Latitude,43.9436947
Longitude,15.4285525
Heading,300
Windspeed,8.1
WindAngle,1
Heading,301
Windspeed,8.1
WindAngle,1
CoG,282
SoG,1.1
Heading,301
Windspeed,8.1
WindAngle,1
Latitude,43.9436948
Longitude,15.4285512
Heading,301
Windspeed,8.0
WindAngle,1
CoG,281
SoG,1.1
Heading,302
Windspeed,8.0
WindAngle,1
Heading,302
Windspeed,8.0
WindAngle,1
CoG,281
SoG,1.1
Latitude,43.9436947
Longitude,15.4285487
Heading,302
Windspeed,8.0
WindAngle,1
Heading,302
Windspeed,8.0
WindAngle,1
CoG,280
SoG,1.1
Heading,303
Windspeed,8.0
WindAngle,1
Latitude,43.9436945
Longitude,15.4285474
Heading,303
Depth,11.9
DepthOffset,-0.001
Windspeed,8.0
WindAngle,1
SpeedThroughWater,0.0
SoG,1273.9
Log,3971.30
CoG,280
SoG,1.1
Heading,303
Windspeed,8.0
WindAngle,1
Latitude,43.9436945
Longitude,15.4285462
Heading,304
Windspeed,8.0
WindAngle,1
CoG,279
SoG,1.1
Heading,304
Windspeed,8.0
WindAngle,1
Latitude,43.9436944
Longitude,15.4285450
Heading,304
Windspeed,7.9
WindAngle,0
CoG,279
SoG,1.1
Heading,305
Windspeed,7.9
WindAngle,0
Latitude,43.9436941
Longitude,15.4285435
Heading,305
Windspeed,7.9
WindAngle,0
CoG,278
SoG,1.1
Heading,305
Windspeed,7.9
WindAngle,0
Heading,306
Windspeed,7.9
WindAngle,0
CoG,278
SoG,1.1
Latitude,43.9436941
Longitude,15.4285410
Heading,306
Windspeed,7.9
WindAngle,0
Heading,306
Depth,11.8
DepthOffset,-0.001
Windspeed,7.9
WindAngle,0
SpeedThroughWater,0.1
SoG,1273.9
Log,3971.30
CoG,277
SoG,1.1
Heading,307
Windspeed,7.9
WindAngle,0
Latitude,43.9436940
Longitude,15.4285396
Heading,307
Windspeed,7.9
WindAngle,0
CoG,277
SoG,1.1
Latitude,43.9436939
Longitude,15.4285383
Heading,307
Windspeed,7.9
WindAngle,0
Heading,308
Windspeed,7.8
WindAngle,357
CoG,276
SoG,1.1
Heading,308
Windspeed,7.8
WindAngle,357
Latitude,43.9436937
Longitude,15.4285368
Heading,308
Windspeed,7.8
WindAngle,357
CoG,276
SoG,1.1
Heading,309
Windspeed,7.8
WindAngle,357
Latitude,43.9436938
Longitude,15.4285356
Heading,309
Windspeed,7.8
WindAngle,357
CoG,275
SoG,1.1
Heading,310
Windspeed,7.8
WindAngle,357
Latitude,43.9436937
Longitude,15.4285342
Heading,310
Depth,11.8
DepthOffset,-0.001
Windspeed,7.8
WindAngle,357
SpeedThroughWater,0.0
SoG,1273.9
Log,3971.30
CoG,275
SoG,1.1
Latitude,43.9436938
Longitude,15.4285330
Heading,310
Windspeed,7.8
WindAngle,357
Heading,311
Windspeed,7.8
WindAngle,357
CoG,275
SoG,1.1
Heading,311
Windspeed,7.8
WindAngle,357
Heading,311
Windspeed,7.5
WindAngle,353
CoG,275
SoG,1.1
Heading,312
Windspeed,7.5
WindAngle,353
Latitude,43.9436939
Longitude,15.4285304
Heading,312
Windspeed,7.5
WindAngle,353
CoG,275
SoG,1.1
Latitude,43.9436940
Longitude,15.4285290
Heading,312
Windspeed,7.5
WindAngle,353
Latitude,43.9436940
Longitude,15.4285290
Heading,313
Windspeed,7.5
WindAngle,353
CoG,274
SoG,1.1
Latitude,43.9436941
Longitude,15.4285276
Heading,313
Windspeed,7.5
WindAngle,353
Heading,314
Depth,11.9
DepthOffset,-0.001
Windspeed,7.5
WindAngle,353
SpeedThroughWater,0.0
SoG,1273.9
Log,3971.30
CoG,274
SoG,1.1
Heading,314
Windspeed,7.5
WindAngle,353
Latitude,43.9436940
Longitude,15.4285261
Heading,314
Windspeed,7.5
WindAngle,353
CoG,273
SoG,1.1
Latitude,43.9436941
Longitude,15.4285248
Heading,315
Windspeed,7.5
WindAngle,353
Latitude,43.9436941
Longitude,15.4285248
Heading,315
Windspeed,7.4
WindAngle,348
CoG,273
SoG,1.1
Heading,316
Windspeed,7.4
WindAngle,348
Heading,316
Windspeed,7.4
WindAngle,348
CoG,272
SoG,1.1
Heading,316
Windspeed,7.4
WindAngle,348
Heading,317
Windspeed,7.4
WindAngle,348
CoG,272
SoG,1.1
Heading,317
Windspeed,7.4
WindAngle,348
Heading,318
Depth,11.9
DepthOffset,-0.001
Windspeed,7.4
WindAngle,348
CoG,272
SoG,1.1
Heading,318
Windspeed,7.4
WindAngle,348
Heading,318
Windspeed,7.4
WindAngle,348
CoG,272
SoG,1.1
Heading,319
Windspeed,7.4
WindAngle,348
Heading,319
Windspeed,7.2
WindAngle,346
CoG,272
SoG,1.1
Heading,319
Windspeed,7.2
WindAngle,346
Heading,320
Windspeed,7.2
WindAngle,346
CoG,272
SoG,1.1
Heading,320
Windspeed,7.2
WindAngle,346
Latitude,43.9436944
Longitude,15.4285162
Heading,320
Windspeed,7.2
WindAngle,346
CoG,271
SoG,1.1
Latitude,43.9436944
Longitude,15.4285149
Heading,321
Windspeed,7.2
WindAngle,346
Heading,321
Depth,11.8
DepthOffset,-0.001
Windspeed,7.2
WindAngle,346
SpeedThroughWater,0.0
SoG,1273.9
Log,3971.30
CoG,272
SoG,1.1
Latitude,43.9436945
Longitude,15.4285137
Heading,322
Windspeed,7.2
WindAngle,346
Latitude,43.9436945
Longitude,15.4285137
Heading,322
Windspeed,7.2
WindAngle,346
CoG,272
SoG,1.1
Heading,322
Windspeed,7.2
WindAngle,346
Latitude,43.9436948
Longitude,15.4285125
Heading,323
Windspeed,7.0
WindAngle,342
CoG,272
SoG,1.1
Heading,323
Windspeed,7.0
WindAngle,342
Heading,323
Windspeed,7.0
WindAngle,342
CoG,272
SoG,1.1
Heading,324
Windspeed,7.0
WindAngle,342
Heading,324
Windspeed,7.0
WindAngle,342
CoG,272
SoG,1.1
Heading,324
Windspeed,7.0
WindAngle,342
Latitude,43.9436953
Longitude,15.4285091
Heading,325
Depth,11.8
DepthOffset,-0.001
Windspeed,7.0
WindAngle,342
SpeedThroughWater,0.0
SoG,1273.9
Log,3971.30
CoG,273
SoG,1.1
Latitude,43.9436956
Longitude,15.4285079
Heading,325
Windspeed,7.0
WindAngle,342
Latitude,43.9436956
Longitude,15.4285079
Heading,325
Windspeed,7.0
WindAngle,342
CoG,273
SoG,1.1
Latitude,43.9436959
Longitude,15.4285068
Heading,326
Windspeed,7.0
WindAngle,342
Heading,326
Windspeed,7.1
WindAngle,338
CoG,273
SoG,1.0
Latitude,43.9436960
Longitude,15.4285056
Heading,326
Windspeed,7.1
WindAngle,338
Latitude,43.9436960
Longitude,15.4285045
Heading,327
Windspeed,7.1
WindAngle,338
CoG,273
SoG,1.0
Heading,327
Windspeed,7.1
WindAngle,338
Heading,327
Windspeed,7.1
WindAngle,338
CoG,273
SoG,1.0
Latitude,43.9436960
Longitude,15.4285035
Heading,328
Windspeed,7.1
WindAngle,338
Latitude,43.9436962
Longitude,15.4285027
Heading,328
Depth,12.0
DepthOffset,-0.001
Windspeed,7.1
WindAngle,338
SpeedThroughWater,0.0
SoG,1273.9
Log,3971.30
CoG,273
SoG,1.0
Heading,328
Windspeed,7.1
WindAngle,338
Latitude,43.9436963
Longitude,15.4285016
Heading,329
Windspeed,7.1
WindAngle,338
CoG,273
SoG,1.0
Heading,329
Windspeed,7.1
WindAngle,338
Heading,330
Windspeed,6.9
WindAngle,338
CoG,274
SoG,1.0
Heading,330
Windspeed,6.9
WindAngle,338
Heading,330
Windspeed,6.9
WindAngle,338
CoG,274
SoG,1.0
Heading,331
Windspeed,6.9
WindAngle,338
Heading,331
Windspeed,6.9
WindAngle,338
CoG,275
SoG,1.0
Latitude,43.9436978
Longitude,15.4284981
Heading,331
Windspeed,6.9
WindAngle,338
Heading,332
Depth,12.0
DepthOffset,-0.001
Windspeed,6.9
WindAngle,338
SpeedThroughWater,0.0
SoG,1273.9
Log,3971.30
CoG,275
SoG,1.0
Latitude,43.9436978
Longitude,15.4284970
Heading,332
Windspeed,6.9
WindAngle,338
Latitude,43.9436981
Longitude,15.4284957
Heading,332
Windspeed,6.9
WindAngle,338
CoG,275
SoG,1.0
Latitude,43.9436981
Longitude,15.4284957
Heading,333
Windspeed,6.9
WindAngle,338
Heading,333
Windspeed,6.7
WindAngle,336
CoG,275
SoG,1.0
Heading,333
Windspeed,6.7
WindAngle,336
Heading,334
Latitude,43.9436984
Longitude,15.4284932
Windspeed,6.7
WindAngle,336
CoG,276
SoG,1.0
Latitude,43.9436984
Longitude,15.4284932
Heading,334
Windspeed,6.7
WindAngle,336
Heading,334
Windspeed,6.7
WindAngle,336
CoG,276
SoG,1.0
Heading,335
Windspeed,6.7
WindAngle,336
Latitude,43.9436989
Longitude,15.4284910
Heading,335
Depth,11.9
DepthOffset,-0.001
Windspeed,6.7
WindAngle,336
SpeedThroughWater,0.0
SoG,1273.9
Log,3971.30
CoG,277
SoG,1.0
Heading,335
Windspeed,6.7
WindAngle,336
Latitude,43.9436991
Longitude,15.4284903
Heading,336
Windspeed,6.7
WindAngle,336
CoG,277
SoG,1.0
Heading,336
Windspeed,6.7
WindAngle,336
Heading,336
Latitude,43.9436997
Longitude,15.4284892
Windspeed,6.6
WindAngle,332
CoG,278
SoG,1.0
Heading,337
Windspeed,6.6
WindAngle,332
Heading,337
Windspeed,6.6
WindAngle,332
CoG,278
SoG,0.9
Latitude,43.9436996
Longitude,15.4284883
Heading,337
Windspeed,6.6
WindAngle,332
Heading,338
Windspeed,6.6
WindAngle,332
Heading,338
CoG,278
SoG,0.9
Windspeed,6.6
WindAngle,332
Heading,338
Depth,11.9
DepthOffset,-0.001
Windspeed,6.6
WindAngle,332
Heading,339
CoG,279
SoG,0.9
Windspeed,6.6
WindAngle,332
Heading,339
Latitude,43.9437005
Longitude,15.4284849
Windspeed,6.6
WindAngle,332
Heading,340
CoG,279
SoG,0.9
Windspeed,6.6
WindAngle,332
Heading,340
Windspeed,6.6
WindAngle,326
Heading,340
CoG,280
SoG,0.9
Windspeed,6.6
WindAngle,326
Heading,341
Windspeed,6.6
WindAngle,326
Heading,341
CoG,280
SoG,0.9
Latitude,43.9437009
Longitude,15.4284830
Windspeed,6.6
WindAngle,326
Heading,341
Latitude,43.9437014
Longitude,15.4284818
Windspeed,6.6
WindAngle,326
Heading,342
CoG,280
SoG,0.9
Latitude,43.9437014
Longitude,15.4284818
Windspeed,6.6
WindAngle,326
Heading,342
Latitude,43.9437023
Longitude,15.4284812
Depth,11.9
DepthOffset,-0.001
Windspeed,6.6
WindAngle,326
SpeedThroughWater,0.0
SoG,1273.9
Log,3971.30
Heading,342
CoG,281
SoG,0.9
Latitude,43.9437023
Longitude,15.4284812
Windspeed,6.6
WindAngle,326
Heading,343
Windspeed,6.6
WindAngle,326
Heading,343
CoG,282
SoG,0.9
Latitude,43.9437024
Longitude,15.4284807
Windspeed,6.6
WindAngle,326
Heading,344
Windspeed,6.7
WindAngle,323
Heading,344
CoG,283
SoG,0.9
Latitude,43.9437027
Longitude,15.4284800
Windspeed,6.7
WindAngle,323
Heading,344
Windspeed,6.7
WindAngle,323
Heading,345
CoG,283
SoG,0.9
Windspeed,6.7
WindAngle,323
Heading,345
Windspeed,6.7
WindAngle,323
Heading,345
CoG,284
SoG,0.9
Heading,346
Latitude,43.9437042
Longitude,15.4284781
Depth,11.9
DepthOffset,-0.001
Windspeed,6.7
WindAngle,323
SpeedThroughWater,0.0
SoG,1273.9
Log,3971.30
Heading,346
CoG,285
SoG,0.8
Heading,347
Latitude,43.9437047
Longitude,15.4284772
Windspeed,6.7
WindAngle,323
Heading,347
CoG,286
SoG,0.8
Windspeed,6.7
WindAngle,323
Heading,347
Windspeed,6.4
WindAngle,325
Latitude,43.9437051
Longitude,15.4284764
Heading,348
CoG,287
SoG,0.8
Windspeed,6.4
WindAngle,325
Heading,348
Heading,349
CoG,287
SoG,0.8
Latitude,43.9437056
Longitude,15.4284756
Heading,349
Windspeed,6.4
WindAngle,325
Heading,349
CoG,288
SoG,0.8
Heading,350
Depth,11.9
DepthOffset,-0.001
Windspeed,6.4
WindAngle,325
SpeedThroughWater,0.0
SoG,1273.9
Log,3971.30
Heading,350
CoG,288
SoG,0.8
Windspeed,6.4
WindAngle,325
Latitude,43.9437063
Longitude,15.4284741
Heading,351
Windspeed,6.4
WindAngle,325
Heading,351
Windspeed,6.4
WindAngle,325
CoG,289
SoG,0.8
Heading,351
Windspeed,6.4
WindAngle,321
Latitude,43.9437073
Longitude,15.4284724
Heading,352
Windspeed,6.4
WindAngle,321
CoG,290
SoG,0.8
Heading,352
Windspeed,6.4
WindAngle,321
Heading,353
Windspeed,6.4
WindAngle,321
CoG,291
SoG,0.8
Heading,353
Windspeed,6.4
WindAngle,321
Latitude,43.9437084
Longitude,15.4284707
Heading,353
Windspeed,6.4
WindAngle,321
CoG,291
SoG,0.8
Latitude,43.9437084
Longitude,15.4284707
Heading,354
Depth,12.1
DepthOffset,-0.001
Windspeed,6.4
WindAngle,321
SpeedThroughWater,0.0
SoG,1273.9
Log,3971.30
Heading,354
Windspeed,6.4
WindAngle,321
CoG,292
SoG,0.8
Heading,355
Windspeed,6.4
WindAngle,321
Latitude,43.9437092
Longitude,15.4284696
Heading,355
Windspeed,6.4
WindAngle,321
CoG,293
SoG,0.8
Heading,356
Windspeed,6.4
WindAngle,312
Heading,356
Windspeed,6.4
WindAngle,312
CoG,294
SoG,0.8
Latitude,43.9437098
Longitude,15.4284689
Heading,357
Windspeed,6.4
WindAngle,312
Heading,357
Windspeed,6.4
WindAngle,312
CoG,295
SoG,0.8
Heading,357
Windspeed,6.4
WindAngle,312
Heading,358
Windspeed,6.4
WindAngle,312
CoG,296
SoG,0.8
Latitude,43.9437108
Longitude,15.4284679
Heading,358
Depth,11.9
DepthOffset,-0.001
Windspeed,6.4
WindAngle,312
SpeedThroughWater,0.0
SoG,1273.9
Log,3971.30
Heading,359
Windspeed,6.4
WindAngle,312
CoG,298
SoG,0.8
Heading,359
Windspeed,6.4
WindAngle,312
Heading,0
Windspeed,6.4
WindAngle,312
CoG,299
SoG,0.8
Heading,0
Windspeed,6.2
WindAngle,316
Latitude,43.9437121
Longitude,15.4284667
Heading,1
Windspeed,6.2
WindAngle,316
CoG,300
SoG,0.8
Heading,1
Windspeed,6.2
WindAngle,316
Heading,1
Windspeed,6.2
WindAngle,316
CoG,303
SoG,0.8
Heading,2
Windspeed,6.2
WindAngle,316
Heading,2
Windspeed,6.2
WindAngle,316
CoG,306
SoG,0.7
Latitude,43.9437129
Longitude,15.4284665
Heading,3
Depth,11.8
DepthOffset,-0.001
Windspeed,6.2
WindAngle,316
SpeedThroughWater,0.0
SoG,1273.9
Log,3971.30
Latitude,43.9437132
Longitude,15.4284664
Heading,3
Windspeed,6.2
WindAngle,316
CoG,308
SoG,0.7
Heading,4
Windspeed,6.2
WindAngle,316
Heading,4
Windspeed,6.2
WindAngle,316
CoG,311
SoG,0.7
Heading,5
Windspeed,6.3
WindAngle,309
Latitude,43.9437147
Longitude,15.4284658
Heading,5
Windspeed,6.3
WindAngle,309
CoG,314
SoG,0.7
Latitude,43.9437147
Longitude,15.4284658
Heading,5
Windspeed,6.3
WindAngle,309
Heading,6
Windspeed,6.3
WindAngle,309
CoG,317
SoG,0.7
Heading,6
Windspeed,6.3
WindAngle,309
Heading,7
Windspeed,6.3
WindAngle,309
CoG,320
SoG,0.7
Heading,7
Depth,12.1
DepthOffset,-0.001
Windspeed,6.3
WindAngle,309
SpeedThroughWater,0.0
SoG,1273.9
Log,3971.30
Latitude,43.9437168
Longitude,15.4284657
Heading,8
Windspeed,6.3
WindAngle,309
CoG,321
SoG,0.7
Heading,8
Windspeed,6.3
WindAngle,309
Heading,8
Windspeed,6.3
WindAngle,309
CoG,324
SoG,0.7
Heading,9
Windspeed,6.5
WindAngle,306
Latitude,43.9437187
Longitude,15.4284650
Heading,9
Windspeed,6.5
WindAngle,306
CoG,326
SoG,0.8
Heading,10
Windspeed,6.5
WindAngle,306
Heading,10
Windspeed,6.5
WindAngle,306
CoG,326
SoG,0.8
Latitude,43.9437191
Longitude,15.4284652
Heading,11
Windspeed,6.5
WindAngle,306
Heading,11
Windspeed,6.5
WindAngle,306
CoG,327
SoG,0.8
Heading,12
Depth,12.1
DepthOffset,-0.001
Windspeed,6.5
WindAngle,306
SpeedThroughWater,0.6
SoG,1273.9
Log,3971.30
Heading,12
Windspeed,6.5
WindAngle,306
CoG,329
SoG,0.8
Heading,13
Windspeed,6.5
WindAngle,306
Latitude,43.9437216
Longitude,15.4284650
Heading,13
Windspeed,6.5
WindAngle,306
CoG,330
SoG,0.8
Heading,13
Windspeed,6.7
WindAngle,303
Latitude,43.9437224
Longitude,15.4284651
Heading,14
Windspeed,6.7
WindAngle,303
CoG,331
SoG,0.8
Latitude,43.9437224
Longitude,15.4284651
Heading,14
Windspeed,6.7
WindAngle,303
Heading,15
Windspeed,6.7
WindAngle,303
CoG,332
SoG,0.8
Latitude,43.9437233
Longitude,15.4284651
Heading,15
Windspeed,6.7
WindAngle,303
Heading,15
Windspeed,6.7
WindAngle,303
CoG,334
SoG,0.8
Heading,16
Depth,11.8
DepthOffset,-0.001
Windspeed,6.7
WindAngle,303
SpeedThroughWater,0.8
SoG,1273.9
Log,3971.30
Latitude,43.9437251
Longitude,15.4284649
Heading,16
Windspeed,6.7
WindAngle,303
CoG,335
SoG,0.8
Heading,17
Windspeed,6.7
WindAngle,303
Heading,17
Windspeed,6.7
WindAngle,303
CoG,337
SoG,0.8
Latitude,43.9437257
Longitude,15.4284652
Heading,17
Windspeed,6.6
WindAngle,300
Heading,18
Windspeed,6.6
WindAngle,300
CoG,338
SoG,0.8
Latitude,43.9437267
Longitude,15.4284649
Heading,18
Windspeed,6.6
WindAngle,300
Latitude,43.9437278
Longitude,15.4284649
Heading,19
Windspeed,6.6
WindAngle,300
CoG,340
SoG,0.8
Latitude,43.9437278
Longitude,15.4284649
Heading,19
Windspeed,6.6
WindAngle,300
Heading,19
Windspeed,6.6
WindAngle,300
CoG,341
SoG,0.8
Heading,20
Depth,11.8
DepthOffset,-0.001
Windspeed,6.6
WindAngle,300
Heading,20
Windspeed,6.6
WindAngle,300
CoG,342
SoG,0.8
Latitude,43.9437297
Longitude,15.4284651
Heading,21
Windspeed,6.6
WindAngle,300
Latitude,43.9437306
Longitude,15.4284656
Heading,21
Windspeed,6.6
WindAngle,300
CoG,344
SoG,0.8
Heading,21
Windspeed,6.9
WindAngle,297
Latitude,43.9437314
Longitude,15.4284663
Heading,22
Windspeed,6.9
WindAngle,297
CoG,345
SoG,0.8
Heading,22
Windspeed,6.9
WindAngle,297
Heading,22
Windspeed,6.9
WindAngle,297
CoG,347
SoG,0.8
Heading,23
Windspeed,6.9
WindAngle,297
Latitude,43.9437339
Longitude,15.4284672
Heading,23
Windspeed,6.9
WindAngle,297
CoG,348
SoG,0.8
Heading,23
Depth,12.1
DepthOffset,-0.001
Windspeed,6.9
WindAngle,297
SpeedThroughWater,1.1
SoG,1273.9
Log,3971.30
Heading,24
Windspeed,6.9
WindAngle,297
CoG,349
SoG,0.9
Heading,24
Windspeed,6.9
WindAngle,297
Heading,24
Windspeed,6.9
WindAngle,297
CoG,350
SoG,0.9
Heading,25
Windspeed,7.0
WindAngle,294
Heading,25
Windspeed,7.0
WindAngle,294
CoG,351
SoG,0.9
Latitude,43.9437378
Longitude,15.4284676
Heading,25
Windspeed,7.0
WindAngle,294
Heading,25
Windspeed,7.0
WindAngle,294
CoG,352
SoG,0.9
Latitude,43.9437388
Longitude,15.4284685
Heading,26
Windspeed,7.0
WindAngle,294
Heading,26
Windspeed,7.0
WindAngle,294
CoG,354
SoG,0.9
Heading,26
Depth,12.1
DepthOffset,-0.001
Windspeed,7.0
WindAngle,294
SpeedThroughWater,1.1
SoG,1273.9
Log,3971.30
Heading,27
Windspeed,7.0
WindAngle,294
CoG,356
SoG,0.9
Latitude,43.9437410
Longitude,15.4284698
Heading,27
Windspeed,7.0
WindAngle,294
Heading,27
Windspeed,7.0
WindAngle,294
CoG,357
SoG,0.9
Heading,27
Windspeed,7.2
WindAngle,291
Heading,28
Windspeed,7.2
WindAngle,291
CoG,0
SoG,1.0
Latitude,43.9437433
Longitude,15.4284713
Heading,28
Windspeed,7.2
WindAngle,291
Latitude,43.9437443
Longitude,15.4284723
Heading,28
Windspeed,7.2
WindAngle,291
CoG,3
SoG,1.0
Latitude,43.9437443
Longitude,15.4284723
Heading,28
Windspeed,7.2
WindAngle,291
Heading,28
Windspeed,7.2
WindAngle,291
CoG,5
SoG,1.0
Latitude,43.9437453
Longitude,15.4284730
Heading,29
Depth,11.9
DepthOffset,-0.001
Windspeed,7.2
WindAngle,291
SpeedThroughWater,1.5
SoG,1273.9
Log,3971.30
Heading,29
Windspeed,7.2
WindAngle,291
CoG,9
SoG,1.0
Latitude,43.9437464
Longitude,15.4284742
Heading,29
Windspeed,7.2
WindAngle,291
Heading,29
Windspeed,7.2
WindAngle,291
CoG,11
SoG,1.0
Latitude,43.9437486
Longitude,15.4284751
Heading,29
Windspeed,7.2
WindAngle,289
Heading,29
Latitude,43.9437486
Longitude,15.4284751
Windspeed,7.2
WindAngle,289
CoG,14
SoG,1.1
Heading,30
Windspeed,7.2
WindAngle,289
Heading,30
Windspeed,7.2
WindAngle,289
CoG,16
SoG,1.1
Latitude,43.9437507
Longitude,15.4284773
Heading,30
Windspeed,7.2
WindAngle,289
Latitude,43.9437507
Longitude,15.4284773
Heading,30
Windspeed,7.2
WindAngle,289
CoG,18
SoG,1.1
Heading,30
Depth,12.0
DepthOffset,-0.001
Windspeed,7.2
WindAngle,289
SpeedThroughWater,1.5
SoG,1273.9
Log,3971.30
Heading,31
Windspeed,7.2
WindAngle,289
CoG,23
SoG,1.1
Heading,31
Windspeed,7.2
WindAngle,289
Heading,31
Windspeed,7.2
WindAngle,289
CoG,24
SoG,1.2
Heading,31
Windspeed,7.2
WindAngle,287
Heading,31
Latitude,43.9437540
Longitude,15.4284799
Windspeed,7.2
WindAngle,287
CoG,26
SoG,1.2
Heading,31
Windspeed,7.2
WindAngle,287
Latitude,43.9437550
Longitude,15.4284812
Heading,31
Windspeed,7.2
WindAngle,287
CoG,27
SoG,1.2
Latitude,43.9437559
Longitude,15.4284827
Heading,31
Windspeed,7.2
WindAngle,287
Latitude,43.9437559
Longitude,15.4284827
Heading,32
Windspeed,7.2
WindAngle,287
CoG,29
SoG,1.2
Heading,32
Depth,11.9
DepthOffset,-0.001
Windspeed,7.2
WindAngle,287
SpeedThroughWater,1.5
SoG,1273.9
Log,3971.30
Heading,32
Windspeed,7.2
WindAngle,287
CoG,31
SoG,1.2
Latitude,43.9437576
Longitude,15.4284854
Heading,32
Windspeed,7.2
WindAngle,287
Latitude,43.9437576
Longitude,15.4284854
Heading,32
Windspeed,7.2
WindAngle,287
CoG,33
SoG,1.2
Heading,32
Windspeed,7.3
WindAngle,286
Heading,32
Windspeed,7.3
WindAngle,286
CoG,33
SoG,1.2
Heading,32
Windspeed,7.3
WindAngle,286
Heading,32
Windspeed,7.3
WindAngle,286
Heading,32
CoG,36
SoG,1.3
Windspeed,7.3
WindAngle,286
Heading,32
Windspeed,7.3
WindAngle,286
Heading,33
CoG,37
SoG,1.3
Depth,12.1
DepthOffset,-0.001
Windspeed,7.3
WindAngle,286
SpeedThroughWater,1.5
SoG,1273.9
Log,3971.30
Heading,33
Windspeed,7.3
WindAngle,286
Heading,33
CoG,37
SoG,1.3
Windspeed,7.3
WindAngle,286
Heading,33
Windspeed,7.3
WindAngle,286
Heading,33
CoG,39
SoG,1.3
Latitude,43.9437630
Longitude,15.4284931
Windspeed,7.2
WindAngle,285
Heading,33
Latitude,43.9437630
Longitude,15.4284931
Windspeed,7.2
WindAngle,285
Heading,33
CoG,39
SoG,1.3
Latitude,43.9437643
Longitude,15.4284946
Windspeed,7.2
WindAngle,285
Heading,33
Latitude,43.9437643
Longitude,15.4284946
Windspeed,7.2
WindAngle,285
Heading,33
CoG,40
SoG,1.4
Latitude,43.9437652
Longitude,15.4284961
Windspeed,7.2
WindAngle,285
Heading,33
Latitude,43.9437652
Longitude,15.4284961
Windspeed,7.2
WindAngle,285
Heading,33
CoG,41
SoG,1.4
Depth,12.3
DepthOffset,-0.001
Windspeed,7.2
WindAngle,285
SpeedThroughWater,1.5
SoG,1273.9
Log,3971.30
Heading,33
Latitude,43.9437659
Longitude,15.4284975
Windspeed,7.2
WindAngle,285
Heading,33
CoG,42
SoG,1.4
Latitude,43.9437668
Longitude,15.4284991
Windspeed,7.2
WindAngle,285
Heading,33
Windspeed,7.2
WindAngle,285
Heading,33
CoG,43
SoG,1.4
Windspeed,7.2
WindAngle,284
Heading,33
Latitude,43.9437676
Longitude,15.4285008
Heading,33
CoG,44
SoG,1.4
Windspeed,7.2
WindAngle,284
Heading,33
Windspeed,7.2
WindAngle,284
Heading,33
CoG,45
SoG,1.4
Windspeed,7.2
WindAngle,284
Heading,33
Windspeed,7.2
WindAngle,284
Heading,33
CoG,46
SoG,1.5
Depth,11.9
DepthOffset,-0.001
Windspeed,7.2
WindAngle,284
SpeedThroughWater,1.5
SoG,1273.9
Log,3971.30
Heading,33
Windspeed,7.2
WindAngle,284
Heading,33
CoG,46
SoG,1.5
Heading,33
Heading,33
CoG,47
SoG,1.5
Latitude,43.9437717
Longitude,15.4285087
Windspeed,7.2
WindAngle,287
Heading,33
Latitude,43.9437717
Longitude,15.4285087
Heading,33
CoG,47
SoG,1.5
Latitude,43.9437726
Longitude,15.4285104
Windspeed,7.2
WindAngle,287
Heading,33
Windspeed,7.2
WindAngle,287
Heading,33
CoG,47
SoG,1.5
Windspeed,7.2
WindAngle,287
Heading,33
Windspeed,7.2
WindAngle,287
Heading,33
CoG,48
SoG,1.5
Latitude,43.9437745
Longitude,15.4285137
Depth,11.9
DepthOffset,-0.001
Windspeed,7.2
WindAngle,287
SpeedThroughWater,1.5
SoG,1273.9
Log,3971.30
Heading,33
Windspeed,7.2
WindAngle,287
Heading,33
CoG,48
SoG,1.5
Windspeed,7.2
WindAngle,287
Heading,33
Latitude,43.9437754
Longitude,15.4285154
Windspeed,7.2
WindAngle,287
Heading,33
CoG,48
SoG,1.5
Heading,33
Windspeed,7.3
WindAngle,288
Latitude,43.9437764
Longitude,15.4285172
Heading,32
Windspeed,7.3
WindAngle,288
CoG,49
SoG,1.5
Latitude,43.9437771
Longitude,15.4285191
Heading,32
Windspeed,7.3
WindAngle,288
Latitude,43.9437771
Longitude,15.4285191
Heading,32
Windspeed,7.3
WindAngle,288
CoG,49
SoG,1.5
Heading,32
Windspeed,7.3
WindAngle,288
Latitude,43.9437781
Longitude,15.4285212
Heading,32
Depth,11.9
DepthOffset,-0.001
Windspeed,7.3
WindAngle,288
SpeedThroughWater,1.5
SoG,1273.9
CoG,49
SoG,1.5
Log,3971.30
Heading,32
Windspeed,7.3
WindAngle,288
Heading,32
Windspeed,7.3
WindAngle,288
CoG,49
SoG,1.6
Heading,32
Windspeed,7.3
WindAngle,288
Latitude,43.9437803
Longitude,15.4285248
Heading,32
Windspeed,7.5
WindAngle,285
CoG,49
SoG,1.6
Latitude,43.9437811
Longitude,15.4285267
Heading,32
Windspeed,7.5
WindAngle,285
Heading,32
Windspeed,7.5
WindAngle,285
CoG,50
SoG,1.6
Heading,32
Windspeed,7.5
WindAngle,285
Latitude,43.9437817
Longitude,15.4285286
Heading,32
Windspeed,7.5
WindAngle,285
CoG,50
SoG,1.6
Heading,31
Windspeed,7.5
WindAngle,285
Heading,31
Depth,11.9
DepthOffset,-0.001
Windspeed,7.5
WindAngle,285
SpeedThroughWater,1.5
SoG,1273.9
Log,3971.30
Heading,31
Windspeed,7.5
WindAngle,285
Heading,31
Windspeed,7.5
WindAngle,285
CoG,51
SoG,1.6
Latitude,43.9437840
Longitude,15.4285344
Heading,31
Windspeed,7.5
WindAngle,285
Latitude,43.9437840
Longitude,15.4285344
Heading,31
Windspeed,7.4
WindAngle,287
CoG,52
SoG,1.6
Latitude,43.9437849
Longitude,15.4285365
Heading,31
Windspeed,7.4
WindAngle,287
Heading,30
Windspeed,7.4
WindAngle,287
CoG,52
SoG,1.6
Heading,30
Windspeed,7.4
WindAngle,287
Latitude,43.9437859
Longitude,15.4285386
Heading,30
Windspeed,7.4
WindAngle,287
CoG,53
SoG,1.6
Heading,30
Windspeed,7.4
WindAngle,287
Heading,30
Depth,12.0
DepthOffset,-0.001
Windspeed,7.4
WindAngle,287
SpeedThroughWater,1.6
SoG,1273.9
Log,3971.30
CoG,53
SoG,1.6
Latitude,43.9437877
Longitude,15.4285428
Heading,30
Windspeed,7.4
WindAngle,287
Heading,30
Windspeed,7.4
WindAngle,287
CoG,53
SoG,1.6
Latitude,43.9437887
Longitude,15.4285447
Heading,30
Windspeed,7.4
WindAngle,287
Heading,29
Windspeed,7.5
WindAngle,288
CoG,53
SoG,1.6
Heading,29
Windspeed,7.5
WindAngle,288
Heading,29
Windspeed,7.5
WindAngle,288
CoG,53
SoG,1.6
Heading,29
Windspeed,7.5
WindAngle,288
Heading,29
Windspeed,7.5
WindAngle,288
CoG,53
SoG,1.6
Heading,29
Windspeed,7.5
WindAngle,288
Heading,29
Depth,11.9
DepthOffset,-0.001
Windspeed,7.5
WindAngle,288
CoG,53
SoG,1.6
Heading,29
Windspeed,7.5
WindAngle,288
Heading,29
Windspeed,7.5
WindAngle,288
CoG,53
SoG,1.6
Heading,28
Windspeed,7.5
WindAngle,288
Latitude,43.9437936
Longitude,15.4285538
Heading,28
Windspeed,7.9
WindAngle,289
CoG,53
SoG,1.6
Latitude,43.9437945
Longitude,15.4285556
Heading,28
Windspeed,7.9
WindAngle,289
Heading,28
Windspeed,7.9
WindAngle,289
CoG,53
SoG,1.6
Latitude,43.9437955
Longitude,15.4285577
Heading,28
Windspeed,7.9
WindAngle,289
Heading,28
Windspeed,7.9
WindAngle,289
CoG,53
SoG,1.6
Latitude,43.9437963
Longitude,15.4285595
Heading,28
Windspeed,7.9
WindAngle,289
Heading,28
Depth,12.0
DepthOffset,-0.001
Windspeed,7.9
WindAngle,289
SpeedThroughWater,1.6
SoG,1273.9
Log,3971.30
CoG,53
SoG,1.6
Heading,28
Windspeed,7.9
WindAngle,289
Latitude,43.9437972
Longitude,15.4285616
Heading,28
Windspeed,7.9
WindAngle,289
CoG,53
SoG,1.7
Heading,27
Windspeed,7.9
WindAngle,289
Heading,27
Windspeed,7.7
WindAngle,291
CoG,53
SoG,1.7
Heading,27
Windspeed,7.7
WindAngle,291
Latitude,43.9437991
Longitude,15.4285652
Heading,27
Windspeed,7.7
WindAngle,291
CoG,52
SoG,1.7
Heading,27
Windspeed,7.7
WindAngle,291
Heading,27
Windspeed,7.7
WindAngle,291
CoG,52
SoG,1.7
Latitude,43.9438011
Longitude,15.4285688
Heading,27
Windspeed,7.7
WindAngle,291
Heading,27
Depth,12.0
DepthOffset,-0.001
Windspeed,7.7
WindAngle,291
SpeedThroughWater,1.6
SoG,1273.9
Log,3971.30
CoG,52
SoG,1.7
Heading,27
Windspeed,7.7
WindAngle,291
Heading,27
Windspeed,7.7
WindAngle,291
CoG,52
SoG,1.7
Latitude,43.9438032
Longitude,15.4285722
Heading,27
Windspeed,7.7
WindAngle,291
Heading,27
Windspeed,7.6
WindAngle,293
CoG,52
SoG,1.7
Heading,26
Windspeed,7.6
WindAngle,293
Latitude,43.9438042
Longitude,15.4285739
Heading,26
Windspeed,7.6
WindAngle,293
CoG,52
SoG,1.7
Heading,26
Windspeed,7.6
WindAngle,293
Latitude,43.9438052
Longitude,15.4285757
Heading,26
Windspeed,7.6
WindAngle,293
CoG,52
SoG,1.7
Heading,26
Windspeed,7.6
WindAngle,293
Heading,26
Depth,11.9
DepthOffset,-0.001
Windspeed,7.6
WindAngle,293
SpeedThroughWater,1.6
SoG,1273.9
Log,3971.30
CoG,52
SoG,1.7
Heading,26
Windspeed,7.6
WindAngle,293
Heading,26
Windspeed,7.6
WindAngle,293
CoG,51
SoG,1.7
Heading,26
Windspeed,7.6
WindAngle,293
Latitude,43.9438079
Longitude,15.4285810
Heading,26
Windspeed,7.5
WindAngle,293
CoG,51
SoG,1.7
Heading,26
Windspeed,7.5
WindAngle,293
Heading,26
Windspeed,7.5
WindAngle,293
CoG,51
SoG,1.7
Heading,26
Windspeed,7.5
WindAngle,293
Heading,25
Windspeed,7.5
WindAngle,293
CoG,50
SoG,1.7
Heading,25
Windspeed,7.5
WindAngle,293
Heading,25
Depth,12.1
DepthOffset,-0.001
Windspeed,7.5
WindAngle,293
SpeedThroughWater,1.6
SoG,1273.9
Log,3971.30
CoG,50
SoG,1.7
Latitude,43.9438123
Longitude,15.4285878
Heading,25
Windspeed,7.5
WindAngle,293
Latitude,43.9438123
Longitude,15.4285878
Heading,25
Windspeed,7.5
WindAngle,293
CoG,50
SoG,1.7
Heading,25
Windspeed,7.5
WindAngle,293
Latitude,43.9438133
Longitude,15.4285895
Heading,25
Windspeed,7.5
WindAngle,292
CoG,50
SoG,1.7
Latitude,43.9438142
Longitude,15.4285912
Heading,25
Windspeed,7.5
WindAngle,292
Latitude,43.9438142
Longitude,15.4285912
Heading,25
Windspeed,7.5
WindAngle,292
CoG,49
SoG,1.7
Heading,25
Windspeed,7.5
WindAngle,292
Latitude,43.9438156
Longitude,15.4285926
Heading,25
Windspeed,7.5
WindAngle,292
CoG,49
SoG,1.7
Heading,25
Windspeed,7.5
WindAngle,292
Heading,25
Depth,12.0
DepthOffset,-0.001
Windspeed,7.5
WindAngle,292
CoG,49
SoG,1.7
Heading,24
Windspeed,7.5
WindAngle,292
Heading,24
Windspeed,7.5
WindAngle,292
CoG,49
SoG,1.7
Heading,24
Windspeed,7.5
WindAngle,292
Heading,24
Windspeed,7.5
WindAngle,292
CoG,48
SoG,1.7
Latitude,43.9438201
Longitude,15.4285998
Heading,24
Windspeed,7.5
WindAngle,292
Heading,24
Windspeed,7.5
WindAngle,292
CoG,48
SoG,1.7
Heading,24
Windspeed,7.5
WindAngle,292
Heading,24
Windspeed,7.5
WindAngle,292
CoG,48
SoG,1.7
Latitude,43.9438226
Longitude,15.4286030
Heading,24
Windspeed,7.5
WindAngle,292
Heading,24
Depth,12.0
DepthOffset,-0.001
Windspeed,7.5
WindAngle,292
SpeedThroughWater,1.6
SoG,1273.9
Log,3971.30
CoG,48
SoG,1.7
Heading,24
Windspeed,7.5
WindAngle,292
Latitude,43.9438237
Longitude,15.4286046
Heading,24
Windspeed,7.5
WindAngle,292
CoG,47
SoG,1.7
Heading,24
Windspeed,7.5
WindAngle,292
Heading,24
Windspeed,7.6
WindAngle,293
CoG,47
SoG,1.7
Heading,23
Windspeed,7.6
WindAngle,293
Heading,23
Windspeed,7.6
WindAngle,293
CoG,47
SoG,1.7
Latitude,43.9438270
Longitude,15.4286097
Heading,23
Windspeed,7.6
WindAngle,293
Heading,23
Windspeed,7.6
WindAngle,293
CoG,47
SoG,1.7
Latitude,43.9438284
Longitude,15.4286115
Heading,23
Windspeed,7.6
WindAngle,293
Heading,23
Depth,12.0
DepthOffset,-0.001
Windspeed,7.6
WindAngle,293
SpeedThroughWater,1.6
SoG,1273.9
Log,3971.30
CoG,46
SoG,1.7
Latitude,43.9438297
Longitude,15.4286133
Heading,23
Windspeed,7.6
WindAngle,293
Latitude,43.9438297
Longitude,15.4286133
Heading,23
Windspeed,7.6
WindAngle,293
CoG,46
SoG,1.7
Heading,23
Windspeed,7.6
WindAngle,293
Heading,23
Windspeed,7.8
WindAngle,294
CoG,46
SoG,1.7
Heading,23
Windspeed,7.8
WindAngle,294
Latitude,43.9438320
Longitude,15.4286166
Heading,23
Windspeed,7.8
WindAngle,294
CoG,46
SoG,1.7
Latitude,43.9438327
Longitude,15.4286186
Heading,23
Windspeed,7.8
WindAngle,294
Heading,23
Windspeed,7.8
WindAngle,294
CoG,45
SoG,1.7
Heading,23
Windspeed,7.8
WindAngle,294
Heading,22
Depth,12.0
DepthOffset,-0.001
Windspeed,7.8
WindAngle,294
SpeedThroughWater,1.7
SoG,1273.9
Log,3971.30
CoG,45
SoG,1.7
Heading,22
Windspeed,7.8
WindAngle,294
Latitude,43.9438350
Longitude,15.4286218
Heading,22
Windspeed,7.8
WindAngle,294
CoG,45
SoG,1.7
Heading,22
Windspeed,7.8
WindAngle,294
Latitude,43.9438362
Longitude,15.4286234
Heading,22
Windspeed,8.0
WindAngle,295
CoG,45
SoG,1.7
Heading,22
Windspeed,8.0
WindAngle,295
Latitude,43.9438373
Longitude,15.4286250
Heading,22
Windspeed,8.0
WindAngle,295
CoG,45
SoG,1.7
Heading,22
Windspeed,8.0
WindAngle,295
Latitude,43.9438383
Longitude,15.4286267
Heading,22
Windspeed,8.0
WindAngle,295
CoG,44
SoG,1.7
Heading,22
Windspeed,8.0
WindAngle,295
Heading,22
Depth,12.1
DepthOffset,-0.001
Windspeed,8.0
WindAngle,295
SpeedThroughWater,1.7
SoG,1273.9
Log,3971.30
CoG,44
SoG,1.7
Heading,22
Windspeed,8.0
WindAngle,295
Latitude,43.9438412
Longitude,15.4286315
Heading,22
Windspeed,8.0
WindAngle,295
CoG,44
SoG,1.7
Heading,22
Windspeed,8.0
WindAngle,295
Heading,22
Windspeed,8.0
WindAngle,297
CoG,44
SoG,1.7
Latitude,43.9438419
Longitude,15.4286332
Heading,22
Windspeed,8.0
WindAngle,297
Heading,22
Latitude,43.9438430
Longitude,15.4286347
Windspeed,8.0
WindAngle,297
CoG,44
SoG,1.7
Latitude,43.9438430
Longitude,15.4286347
Heading,22
Windspeed,8.0
WindAngle,297
Heading,22
Windspeed,8.0
WindAngle,297
CoG,43
SoG,1.7
Heading,22
Windspeed,8.0
WindAngle,297
Latitude,43.9438453
Longitude,15.4286376
Heading,22
Depth,12.0
DepthOffset,-0.001
Windspeed,8.0
WindAngle,297
SpeedThroughWater,1.7
SoG,1273.9
Log,3971.30
CoG,43
SoG,1.7
Heading,22
Windspeed,8.0
WindAngle,297
Heading,22
Windspeed,8.0
WindAngle,297
Heading,22
CoG,43
SoG,1.7
Latitude,43.9438464
Longitude,15.4286390
Windspeed,8.0
WindAngle,297
Heading,22
Latitude,43.9438477
Longitude,15.4286404
Windspeed,8.1
WindAngle,298
Heading,22
CoG,43
SoG,1.7
Latitude,43.9438477
Longitude,15.4286404
Windspeed,8.1
WindAngle,298
Heading,22
Latitude,43.9438490
Longitude,15.4286418
Windspeed,8.1
WindAngle,298
Heading,22
Windspeed,8.1
WindAngle,298
Heading,22
Windspeed,8.1
WindAngle,298
Heading,22
CoG,42
SoG,1.7
Windspeed,8.1
WindAngle,298
Heading,22
Depth,11.8
DepthOffset,-0.001
Windspeed,8.1
WindAngle,298
SpeedThroughWater,1.7
SoG,1273.9
Log,3971.30
Heading,22
CoG,42
SoG,1.7
Latitude,43.9438514
Longitude,15.4286447
Windspeed,8.1
WindAngle,298
Heading,21
Windspeed,8.1
WindAngle,298
Heading,22
CoG,42
SoG,1.7
Windspeed,8.1
WindAngle,298
Heading,22
Windspeed,8.2
WindAngle,295
Heading,22
CoG,42
SoG,1.7
Windspeed,8.2
WindAngle,295
Heading,22
Latitude,43.9438553
Longitude,15.4286492
Windspeed,8.2
WindAngle,295
Heading,22
CoG,41
SoG,1.7
Windspeed,8.2
WindAngle,295
Heading,22
Latitude,43.9438565
Longitude,15.4286506
Windspeed,8.2
WindAngle,295
Heading,21
CoG,41
SoG,1.7
Windspeed,8.2
WindAngle,295
Heading,21
Latitude,43.9438580
Longitude,15.4286521
Depth,11.9
DepthOffset,-0.001
Windspeed,8.2
WindAngle,295
SpeedThroughWater,1.7
SoG,1273.9
Log,3971.30
Heading,21
CoG,41
SoG,1.8
Latitude,43.9438580
Longitude,15.4286521
Windspeed,8.2
WindAngle,295
Heading,21
Windspeed,8.2
WindAngle,295
Heading,21
CoG,41
SoG,1.8
Windspeed,8.2
WindAngle,295
Heading,21
Windspeed,8.3
WindAngle,295
Heading,21
CoG,40
SoG,1.8
Windspeed,8.3
WindAngle,295
Heading,21
Latitude,43.9438620
Longitude,15.4286558
Windspeed,8.3
WindAngle,295
Heading,21
CoG,40
SoG,1.8
Latitude,43.9438620
Longitude,15.4286558
Windspeed,8.3
WindAngle,295
Heading,21
Latitude,43.9438635
Longitude,15.4286571
Windspeed,8.3
WindAngle,295
Heading,21
CoG,39
SoG,1.8
Windspeed,8.3
WindAngle,295
Heading,21
Depth,11.8
DepthOffset,-0.001
Windspeed,8.3
WindAngle,295
SpeedThroughWater,2.0
SoG,1273.9
Log,3971.30
Heading,21
CoG,39
SoG,1.8
Windspeed,8.3
WindAngle,295
Heading,21
Windspeed,8.3
WindAngle,295
Heading,21
CoG,39
SoG,1.8
Windspeed,8.3
WindAngle,295
Heading,21
Latitude,43.9438678
Longitude,15.4286614
Windspeed,8.4
WindAngle,296
Heading,21
CoG,39
SoG,1.8
Windspeed,8.4
WindAngle,296
Heading,21
Windspeed,8.4
WindAngle,296
Latitude,43.9438691
Longitude,15.4286629
Heading,21
CoG,38
SoG,1.8
Latitude,43.9438691
Longitude,15.4286629
Heading,21
Windspeed,8.4
WindAngle,296
Heading,21
CoG,38
SoG,1.8
Windspeed,8.4
WindAngle,296
Heading,21
Depth,12.1
DepthOffset,-0.001
Windspeed,8.4
WindAngle,296
SpeedThroughWater,2.0
SoG,1273.9
Log,3971.30
Heading,21
CoG,38
SoG,1.8
Windspeed,8.4
WindAngle,296
Heading,21
Latitude,43.9438734
Longitude,15.4286676
Windspeed,8.4
WindAngle,296
Heading,21
CoG,38
SoG,1.8
Windspeed,8.4
WindAngle,296
Heading,21
Windspeed,8.6
WindAngle,295
Heading,21
CoG,38
SoG,1.8
Latitude,43.9438747
Longitude,15.4286692
Heading,21
Windspeed,8.6
WindAngle,295
Heading,21
CoG,38
SoG,1.8
Heading,21
Windspeed,8.6
WindAngle,295
Latitude,43.9438776
Longitude,15.4286727
Heading,21
CoG,37
SoG,1.8
Windspeed,8.6
WindAngle,295
Heading,21
Depth,12.1
DepthOffset,-0.001
Windspeed,8.6
WindAngle,295
SpeedThroughWater,2.0
SoG,1273.9
Log,3971.30
Heading,21
CoG,37
SoG,1.8
Windspeed,8.6
WindAngle,295
Heading,21
Windspeed,8.6
WindAngle,295
Heading,21
CoG,37
SoG,1.8
Windspeed,8.6
WindAngle,295
Heading,21
Windspeed,8.7
WindAngle,296
Heading,21
Windspeed,8.7
WindAngle,296
CoG,37
SoG,1.8
Heading,21
Windspeed,8.7
WindAngle,296
Heading,21
Windspeed,8.7
WindAngle,296
CoG,37
SoG,1.8
Latitude,43.9438837
Longitude,15.4286789
Heading,21
Windspeed,8.7
WindAngle,296
Heading,21
Windspeed,8.7
WindAngle,296
CoG,37
SoG,1.9
Latitude,43.9438851
Longitude,15.4286806
Heading,21
Depth,12.1
DepthOffset,-0.001
Windspeed,8.7
WindAngle,296
Latitude,43.9438866
Longitude,15.4286822
Heading,21
Windspeed,8.7
WindAngle,296
CoG,37
SoG,1.9
Latitude,43.9438866
Longitude,15.4286822
Heading,21
Windspeed,8.7
WindAngle,296
Heading,21
Windspeed,8.7
WindAngle,296
CoG,37
SoG,1.9
Heading,21
Windspeed,8.7
WindAngle,298
Heading,21
Windspeed,8.7
WindAngle,298
Heading,21
Windspeed,8.7
WindAngle,298
Latitude,43.9438910
Longitude,15.4286871
Heading,21
Windspeed,8.7
WindAngle,298
CoG,36
SoG,1.9
Heading,21
Windspeed,8.7
WindAngle,298
Latitude,43.9438926
Longitude,15.4286887
Heading,21
Windspeed,8.7
WindAngle,298
CoG,36
SoG,1.9
Heading,21
Depth,12.1
DepthOffset,-0.001
Windspeed,8.7
WindAngle,298
Latitude,43.9438941
Longitude,15.4286904
Heading,21
Windspeed,8.7
WindAngle,298
CoG,36
SoG,1.9
Latitude,43.9438941
Longitude,15.4286904
Heading,21
Windspeed,8.7
WindAngle,298
Latitude,43.9438957
Longitude,15.4286918
Heading,21
Windspeed,8.7
WindAngle,298
CoG,36
SoG,1.9
Heading,21
Windspeed,8.6
WindAngle,298
Heading,21
Windspeed,8.6
WindAngle,298
CoG,36
SoG,1.9
Heading,21
Windspeed,8.6
WindAngle,298
Heading,21
Windspeed,8.6
WindAngle,298
CoG,36
SoG,1.9
Latitude,43.9438988
Longitude,15.4286951
Heading,21
Windspeed,8.6
WindAngle,298
Heading,21
Windspeed,8.6
WindAngle,298
CoG,36
SoG,1.9
Latitude,43.9439003
Longitude,15.4286967
Heading,20
Depth,11.8
DepthOffset,-0.001
Windspeed,8.6
WindAngle,298
SpeedThroughWater,2.0
SoG,1273.9
Log,3971.30
Latitude,43.9439019
Longitude,15.4286984
Heading,20
Windspeed,8.6
WindAngle,298
CoG,35
SoG,1.9
Latitude,43.9439019
Longitude,15.4286984
Heading,20
Windspeed,8.6
WindAngle,298
Latitude,43.9439036
Longitude,15.4286999
Heading,20
Windspeed,8.6
WindAngle,298
CoG,35
SoG,1.9
Heading,20
Windspeed,8.7
WindAngle,296
Latitude,43.9439052
Longitude,15.4287014
Heading,20
Windspeed,8.7
WindAngle,296
CoG,35
SoG,2.0
Heading,20
Windspeed,8.7
WindAngle,296
Heading,20
Windspeed,8.7
WindAngle,296
CoG,35
SoG,2.0
Latitude,43.9439068
Longitude,15.4287031
Heading,20
Windspeed,8.7
WindAngle,296
Heading,20
Windspeed,8.7
WindAngle,296
CoG,35
SoG,2.0
Latitude,43.9439084
Longitude,15.4287052
Heading,20
Depth,12.4
DepthOffset,-0.001
Windspeed,8.7
WindAngle,296
SpeedThroughWater,2.1
SoG,1273.9
Log,3971.30
Heading,20
Windspeed,8.7
WindAngle,296
CoG,35
SoG,2.0
Heading,20
Windspeed,8.7
WindAngle,296
Heading,20
Windspeed,8.7
WindAngle,296
CoG,35
SoG,2.0
Heading,20
Windspeed,8.6
WindAngle,299
Latitude,43.9439132
Longitude,15.4287106
Heading,20
Windspeed,8.6
WindAngle,299
CoG,35
SoG,2.0
Heading,20
Windspeed,8.6
WindAngle,299
Heading,20
Windspeed,8.6
WindAngle,299
CoG,35
SoG,2.0
Heading,20
Windspeed,8.6
WindAngle,299
Heading,20
Windspeed,8.6
WindAngle,299
CoG,35
SoG,2.0
Heading,20
Depth,12.0
DepthOffset,-0.001
Windspeed,8.6
WindAngle,299
Latitude,43.9439182
Longitude,15.4287151
Heading,20
Windspeed,8.6
WindAngle,299
CoG,34
SoG,2.0
Heading,20
Windspeed,8.6
WindAngle,299
Heading,20
Windspeed,8.6
WindAngle,299
CoG,34
SoG,2.0
Heading,20
Windspeed,8.8
WindAngle,299
Heading,19
Windspeed,8.8
WindAngle,299
CoG,34
SoG,2.0
Latitude,43.9439216
Longitude,15.4287186
Heading,19
Windspeed,8.8
WindAngle,299
Heading,19
Windspeed,8.8
WindAngle,299
CoG,33
SoG,2.0
Heading,19
Windspeed,8.8
WindAngle,299
Heading,19
Windspeed,8.8
WindAngle,299
CoG,33
SoG,2.1
Latitude,43.9439251
Longitude,15.4287217
Heading,19
Depth,11.9
DepthOffset,-0.001
Windspeed,8.8
WindAngle,299
SpeedThroughWater,2.1
SoG,1273.9
Log,3971.30
Heading,19
Windspeed,8.8
WindAngle,299
CoG,33
SoG,2.1
Latitude,43.9439268
Longitude,15.4287234
Heading,19
Windspeed,8.8
WindAngle,299
Latitude,43.9439287
Longitude,15.4287246
Heading,19
Windspeed,8.8
WindAngle,299
CoG,33
SoG,2.1
Heading,19
Windspeed,8.8
WindAngle,300
Heading,19
Windspeed,8.8
WindAngle,300
CoG,32
SoG,2.1
Latitude,43.9439307
Longitude,15.4287255
Heading,19
Windspeed,8.8
WindAngle,300
Latitude,43.9439327
Longitude,15.4287268
Heading,19
Windspeed,8.8
WindAngle,300
CoG,32
SoG,2.1
Latitude,43.9439327
Longitude,15.4287268
Heading,19
Windspeed,8.8
WindAngle,300
Heading,19
Windspeed,8.8
WindAngle,300
CoG,31
SoG,2.1
Heading,19
Depth,12.0
DepthOffset,-0.001
Windspeed,8.8
WindAngle,300
SpeedThroughWater,2.1
SoG,1273.9
Log,3971.30
Latitude,43.9439367
Longitude,15.4287291
Heading,19
Windspeed,8.8
WindAngle,300
CoG,31
SoG,2.1
Latitude,43.9439367
Longitude,15.4287291
Heading,19
Windspeed,8.8
WindAngle,300
Latitude,43.9439389
Longitude,15.4287300
Heading,19
Windspeed,8.8
WindAngle,300
CoG,30
SoG,2.1
Heading,19
Windspeed,8.7
WindAngle,299
Heading,19
Windspeed,8.7
WindAngle,299
CoG,30
SoG,2.1
Heading,19
Windspeed,8.7
WindAngle,299
Heading,19
Windspeed,8.7
WindAngle,299
CoG,29
SoG,2.1
Latitude,43.9439428
Longitude,15.4287324
Heading,19
Windspeed,8.7
WindAngle,299
Heading,19
Windspeed,8.7
WindAngle,299
CoG,29
SoG,2.1
Heading,18
Depth,12.0
DepthOffset,-0.001
Windspeed,8.7
WindAngle,299
SpeedThroughWater,2.2
SoG,1273.9
Heading,18
Windspeed,8.7
WindAngle,299
CoG,29
SoG,2.2
Heading,18
Windspeed,8.7
WindAngle,299
Heading,18
Windspeed,8.7
WindAngle,299
CoG,29
SoG,2.2
Heading,18
Windspeed,8.8
WindAngle,300
Heading,18
Windspeed,8.8
WindAngle,300
CoG,29
SoG,2.2
Heading,18
Windspeed,8.8
WindAngle,300
Heading,18
Windspeed,8.8
WindAngle,300
CoG,29
SoG,2.2
Heading,18
Windspeed,8.8
WindAngle,300
Heading,18
Windspeed,8.8
WindAngle,300
CoG,29
SoG,2.2
Heading,18
Depth,12.1
DepthOffset,-0.001
Windspeed,8.8
WindAngle,300
SpeedThroughWater,2.2
SoG,1273.9
Log,3971.30
Heading,18
Windspeed,8.8
WindAngle,300
CoG,29
SoG,2.2
Heading,18
Windspeed,8.8
WindAngle,300
Latitude,43.9439584
Longitude,15.4287442
Heading,18
Windspeed,8.8
WindAngle,300
CoG,29
SoG,2.2
Heading,18
Windspeed,8.9
WindAngle,299
Heading,18
Windspeed,8.9
WindAngle,299
CoG,29
SoG,2.2
Heading,18
Windspeed,8.9
WindAngle,299
Latitude,43.9439623
Longitude,15.4287473
Heading,18
Windspeed,8.9
WindAngle,299
CoG,29
SoG,2.2
Heading,18
Windspeed,8.9
WindAngle,299
Latitude,43.9439643
Longitude,15.4287489
Heading,18
Windspeed,8.9
WindAngle,299
CoG,29
SoG,2.2
Heading,18
Depth,12.0
DepthOffset,-0.001
Windspeed,8.9
WindAngle,299
SpeedThroughWater,2.4
SoG,1273.9
Heading,18
Windspeed,8.9
WindAngle,299
CoG,29
SoG,2.2
Heading,18
Windspeed,8.9
WindAngle,299
Latitude,43.9439684
Longitude,15.4287518
Heading,18
Windspeed,8.9
WindAngle,299
CoG,28
SoG,2.3
Heading,18
Windspeed,8.7
WindAngle,300
Heading,18
Windspeed,8.7
WindAngle,300
CoG,28
SoG,2.3
Heading,18
Windspeed,8.7
WindAngle,300
Latitude,43.9439726
Longitude,15.4287548
Heading,18
Windspeed,8.7
WindAngle,300
CoG,28
SoG,2.3
Latitude,43.9439747
Longitude,15.4287564
Heading,17
Windspeed,8.7
WindAngle,300
Heading,17
Windspeed,8.7
WindAngle,300
CoG,28
SoG,2.3
Latitude,43.9439768
Longitude,15.4287576
Heading,17
Depth,11.9
DepthOffset,-0.001
Windspeed,8.7
WindAngle,300
SpeedThroughWater,2.4
SoG,1273.9
Heading,17
Windspeed,8.7
WindAngle,300
CoG,28
SoG,2.3
Latitude,43.9439791
Longitude,15.4287584
Heading,17
Windspeed,8.7
WindAngle,300
Heading,17
Windspeed,8.7
WindAngle,300
CoG,27
SoG,2.3
Latitude,43.9439791
Longitude,15.4287584
Heading,17
Windspeed,8.7
WindAngle,300
Heading,17
Windspeed,8.7
WindAngle,300
CoG,27
SoG,2.3
Heading,17
Windspeed,8.7
WindAngle,300
Heading,17
Windspeed,8.7
WindAngle,300
CoG,27
SoG,2.3
Heading,17
Windspeed,8.7
WindAngle,300
Heading,17
Windspeed,8.7
WindAngle,300
CoG,27
SoG,2.3
Heading,17
Depth,12.1
DepthOffset,-0.001
Windspeed,8.7
WindAngle,300
SpeedThroughWater,2.4
SoG,1273.9
Log,3971.30
Heading,17
Windspeed,8.7
WindAngle,300
CoG,27
SoG,2.3
Latitude,43.9439880
Longitude,15.4287677
Heading,17
Windspeed,8.7
WindAngle,300
Heading,17
Windspeed,8.7
WindAngle,300
CoG,27
SoG,2.3
Latitude,43.9439899
Longitude,15.4287696
Heading,17
Windspeed,8.7
WindAngle,299
Heading,17
Windspeed,8.7
WindAngle,299
CoG,27
SoG,2.4
Latitude,43.9439919
Longitude,15.4287714
Heading,17
Windspeed,8.7
WindAngle,299
Heading,17
Latitude,43.9439919
Longitude,15.4287714
Windspeed,8.7
WindAngle,299
CoG,27
SoG,2.4
Heading,16
Windspeed,8.7
WindAngle,299
Heading,16
Windspeed,8.7
WindAngle,299
Heading,16
CoG,27
SoG,2.4
Latitude,43.9439960
Longitude,15.4287747
Depth,12.1
DepthOffset,-0.001
Windspeed,8.7
WindAngle,299
SpeedThroughWater,2.4
SoG,1273.9
Latitude,43.9439960
Longitude,15.4287747
Heading,16
Windspeed,8.7
WindAngle,299
CoG,27
SoG,2.4
Heading,16
Windspeed,8.7
WindAngle,299
Heading,16
Latitude,43.9439982
Longitude,15.4287762
Windspeed,8.7
WindAngle,299
Heading,16
CoG,27
SoG,2.4
Windspeed,8.7
WindAngle,301
Heading,16
Windspeed,8.7
WindAngle,301
Heading,16
CoG,27
SoG,2.4
Windspeed,8.7
WindAngle,301
Heading,16
Windspeed,8.7
WindAngle,301
Heading,16
CoG,27
SoG,2.4
Windspeed,8.7
WindAngle,301
Heading,16
Latitude,43.9440043
Longitude,15.4287815
Windspeed,8.7
WindAngle,301
Heading,16
CoG,27
SoG,2.4
Latitude,43.9440064
Longitude,15.4287834
Depth,12.2
DepthOffset,-0.001
Windspeed,8.7
WindAngle,301
SpeedThroughWater,2.4
SoG,1273.9
Log,3971.30
Heading,16
Windspeed,8.7
WindAngle,301
Heading,16
CoG,27
SoG,2.4
Windspeed,8.7
WindAngle,301
Heading,16
Windspeed,8.7
WindAngle,301
Heading,15
CoG,27
SoG,2.4
Windspeed,8.8
WindAngle,301
Heading,15
Latitude,43.9440103
Longitude,15.4287873
Windspeed,8.8
WindAngle,301
Heading,15
CoG,27
SoG,2.4
Windspeed,8.8
WindAngle,301
Heading,15
Windspeed,8.8
WindAngle,301
Heading,15
CoG,27
SoG,2.4
Windspeed,8.8
WindAngle,301
Heading,15
Windspeed,8.8
WindAngle,301
Heading,15
CoG,27
SoG,2.4
Depth,12.1
DepthOffset,-0.001
Windspeed,8.8
WindAngle,301
SpeedThroughWater,2.4
SoG,1273.9
Log,3971.30
Heading,15
Latitude,43.9440164
Longitude,15.4287925
Windspeed,8.8
WindAngle,301
Heading,15
CoG,27
SoG,2.5
Latitude,43.9440187
Longitude,15.4287938
Windspeed,8.8
WindAngle,301
Heading,15
Latitude,43.9440187
Longitude,15.4287938
Windspeed,8.8
WindAngle,301
Heading,15
CoG,27
SoG,2.5
Windspeed,8.7
WindAngle,302
Heading,15
Latitude,43.9440207
Longitude,15.4287955
Windspeed,8.7
WindAngle,302
Heading,15
CoG,27
SoG,2.5
Windspeed,8.7
WindAngle,302
Heading,15
Windspeed,8.7
WindAngle,302
Heading,15
CoG,27
SoG,2.5
Latitude,43.9440251
Longitude,15.4287985
Heading,15
Latitude,43.9440251
Longitude,15.4287985
Windspeed,8.7
WindAngle,302
Heading,14
CoG,27
SoG,2.5
Depth,12.0
DepthOffset,-0.001
Latitude,43.9440273
Longitude,15.4288002
